insert into page (id, body, charset, description, title) values (1, 'Integer aliquet, massa id lobortis convallis, tortor risus dapibus augue, vel accumsan tellus nisi eu orci. Mauris lacinia sapien quis libero. Nullam sit amet turpis elementum ligula vehicula consequat. Morbi a ipsum. Integer a nibh. In quis justo.', 'UTF-8', 'Nulla ac enim. In tempor, turpis nec euismod scelerisque, quam turpis adipiscing lorem, vitae mattis nibh ligula nec sem. Duis aliquam convallis nunc. Proin at turpis a pede posuere nonummy.', 'Rejs');
insert into page (id, body, charset, description, title) values (2, 'Duis mattis egestas metus. Aenean fermentum. Donec ut mauris eget massa tempor convallis. Nulla neque libero, convallis eget, eleifend luctus, ultricies eu, nibh.', 'UTF-8', 'Cras pellentesque volutpat dui. Maecenas tristique, est et tempus semper, est quam pharetra magna, ac consequat metus sapien ut nunc. Vestibulum ante ipsum primis in faucibus orci luctus et ultrices posuere cubilia Curae; Mauris viverra diam vitae quam. Suspendisse potenti.', 'Four Lions');
insert into page (id, body, charset, description, title) values (3, 'Praesent blandit. Nam nulla. Integer pede justo, lacinia eget, tincidunt eget, tempus vel, pede. Morbi porttitor lorem id ligula. Suspendisse ornare consequat lectus.', 'UTF-8', 'Donec posuere metus vitae ipsum. Aliquam non mauris. Morbi non lectus.', 'Kitty Foyle');
insert into page (id, body, charset, description, title) values (4, 'In sagittis dui vel nisl. Duis ac nibh. Fusce lacus purus, aliquet at, feugiat non, pretium quis, lectus. Suspendisse potenti. In eleifend quam a odio. In hac habitasse platea dictumst. Maecenas ut massa quis augue luctus tincidunt.', 'ASCII', 'Suspendisse potenti.', 'Cactus Flower');
insert into page (id, body, charset, description, title) values (5, 'Suspendisse ornare consequat lectus.', 'ASCII', 'Vestibulum rutrum rutrum neque.', 'Haunting, The');
insert into page (id, body, charset, description, title) values (6, 'Quisque erat eros, viverra eget, congue eget, semper rutrum, nulla. Nunc purus. Phasellus in felis. Donec semper sapien a libero. Nam dui. Proin leo odio, porttitor id, consequat in, consequat ut, nulla.', 'UTF-8', 'Mauris ullamcorper purus sit amet nulla. Quisque arcu libero, rutrum ac, lobortis vel, dapibus at, diam. Nam tristique tortor eu pede.', 'Home Movie');
insert into page (id, body, charset, description, title) values (7, 'Vestibulum ante ipsum primis in faucibus orci luctus et ultrices posuere cubilia Curae; Mauris viverra diam vitae quam. Suspendisse potenti. Nullam porttitor lacus at turpis. Donec posuere metus vitae ipsum. Aliquam non mauris.', 'ASCII', 'Nullam sit amet turpis elementum ligula vehicula consequat. Morbi a ipsum. Integer a nibh. In quis justo.', 'Empire of the Ants');
insert into page (id, body, charset, description, title) values (8, 'Quisque ut erat. Curabitur gravida nisi at nibh. In hac habitasse platea dictumst. Aliquam augue quam, sollicitudin vitae, consectetuer eget, rutrum at, lorem.', 'UTF-8', 'Lorem ipsum dolor sit amet, consectetuer adipiscing elit. Proin interdum mauris non ligula pellentesque ultrices. Phasellus id sapien in sapien iaculis congue.', 'One in a Million: The Ron LeFlore Story');
insert into page (id, body, charset, description, title) values (9, 'Donec posuere metus vitae ipsum. Aliquam non mauris. Morbi non lectus. Aliquam sit amet diam in magna bibendum imperdiet. Nullam orci pede, venenatis non, sodales sed, tincidunt eu, felis.', 'UTF-8', 'Integer ac neque. Duis bibendum. Morbi non quam nec dui luctus rutrum. Nulla tellus.', 'Bad Girl Island (Sirens of Eleuthera) (Sirens of the Caribbean)');
insert into page (id, body, charset, description, title) values (10, 'In sagittis dui vel nisl. Duis ac nibh. Fusce lacus purus, aliquet at, feugiat non, pretium quis, lectus. Suspendisse potenti. In eleifend quam a odio. In hac habitasse platea dictumst.', 'ASCII', 'Proin at turpis a pede posuere nonummy. Integer non velit.', 'Late Bloomers');
insert into page (id, body, charset, description, title) values (11, 'Pellentesque viverra pede ac diam. Cras pellentesque volutpat dui. Maecenas tristique, est et tempus semper, est quam pharetra magna, ac consequat metus sapien ut nunc.', 'ASCII', 'In hac habitasse platea dictumst. Etiam faucibus cursus urna. Ut tellus. Nulla ut erat id mauris vulputate elementum.', 'Howard the Duck');
insert into page (id, body, charset, description, title) values (12, 'Fusce lacus purus, aliquet at, feugiat non, pretium quis, lectus. Suspendisse potenti. In eleifend quam a odio. In hac habitasse platea dictumst. Maecenas ut massa quis augue luctus tincidunt. Nulla mollis molestie lorem. Quisque ut erat. Curabitur gravida nisi at nibh. In hac habitasse platea dictumst.', 'ASCII', 'Morbi non quam nec dui luctus rutrum. Nulla tellus.', 'Alien Contamination');
insert into page (id, body, charset, description, title) values (13, 'Fusce lacus purus, aliquet at, feugiat non, pretium quis, lectus. Suspendisse potenti. In eleifend quam a odio. In hac habitasse platea dictumst. Maecenas ut massa quis augue luctus tincidunt.', 'ASCII', 'Proin interdum mauris non ligula pellentesque ultrices. Phasellus id sapien in sapien iaculis congue. Vivamus metus arcu, adipiscing molestie, hendrerit at, vulputate vitae, nisl.', 'Shepherd of the Hills, The');
insert into page (id, body, charset, description, title) values (14, 'Nulla facilisi. Cras non velit nec nisi vulputate nonummy. Maecenas tincidunt lacus at velit. Vivamus vel nulla eget eros elementum pellentesque. Quisque porta volutpat erat. Quisque erat eros, viverra eget, congue eget, semper rutrum, nulla. Nunc purus. Phasellus in felis.', 'UTF-8', 'In est risus, auctor sed, tristique in, tempus sit amet, sem. Fusce consequat.', 'Limit (Limite)');
insert into page (id, body, charset, description, title) values (15, 'Curabitur in libero ut massa volutpat convallis. Morbi odio odio, elementum eu, interdum eu, tincidunt in, leo. Maecenas pulvinar lobortis est. Phasellus sit amet erat. Nulla tempus.', 'UTF-8', 'Aliquam sit amet diam in magna bibendum imperdiet.', 'Green for Danger');
insert into page (id, body, charset, description, title) values (16, 'Fusce lacus purus, aliquet at, feugiat non, pretium quis, lectus. Suspendisse potenti. In eleifend quam a odio. In hac habitasse platea dictumst.', 'ASCII', 'Nulla ac enim. In tempor, turpis nec euismod scelerisque, quam turpis adipiscing lorem, vitae mattis nibh ligula nec sem. Duis aliquam convallis nunc. Proin at turpis a pede posuere nonummy.', 'Adventures in Zambezia');
insert into page (id, body, charset, description, title) values (17, 'Quisque porta volutpat erat. Quisque erat eros, viverra eget, congue eget, semper rutrum, nulla.', 'UTF-8', 'Cras pellentesque volutpat dui.', 'Short Night of the Glass Dolls (La corta notte delle bambole di vetro)');
insert into page (id, body, charset, description, title) values (18, 'Vestibulum sed magna at nunc commodo placerat.', 'ASCII', 'Maecenas leo odio, condimentum id, luctus nec, molestie sed, justo. Pellentesque viverra pede ac diam. Cras pellentesque volutpat dui.', 'Waltzes from Vienna');
insert into page (id, body, charset, description, title) values (19, 'Integer tincidunt ante vel ipsum. Praesent blandit lacinia erat. Vestibulum sed magna at nunc commodo placerat. Praesent blandit. Nam nulla.', 'UTF-8', 'Duis at velit eu est congue elementum.', 'Spinning Boris');
insert into page (id, body, charset, description, title) values (20, 'Vestibulum ante ipsum primis in faucibus orci luctus et ultrices posuere cubilia Curae; Nulla dapibus dolor vel est. Donec odio justo, sollicitudin ut, suscipit a, feugiat et, eros. Vestibulum ac est lacinia nisi venenatis tristique. Fusce congue, diam id ornare imperdiet, sapien urna pretium nisl, ut volutpat sapien arcu sed augue. Aliquam erat volutpat. In congue.', 'ASCII', 'Etiam justo.', 'Train Ride to Hollywood');
insert into page (id, body, charset, description, title) values (21, 'Morbi quis tortor id nulla ultrices aliquet. Maecenas leo odio, condimentum id, luctus nec, molestie sed, justo. Pellentesque viverra pede ac diam. Cras pellentesque volutpat dui. Maecenas tristique, est et tempus semper, est quam pharetra magna, ac consequat metus sapien ut nunc. Vestibulum ante ipsum primis in faucibus orci luctus et ultrices posuere cubilia Curae; Mauris viverra diam vitae quam. Suspendisse potenti. Nullam porttitor lacus at turpis. Donec posuere metus vitae ipsum.', 'UTF-8', 'Phasellus in felis. Donec semper sapien a libero.', 'Annie Hall');
insert into page (id, body, charset, description, title) values (22, 'Morbi vel lectus in quam fringilla rhoncus. Mauris enim leo, rhoncus sed, vestibulum sit amet, cursus id, turpis. Integer aliquet, massa id lobortis convallis, tortor risus dapibus augue, vel accumsan tellus nisi eu orci. Mauris lacinia sapien quis libero. Nullam sit amet turpis elementum ligula vehicula consequat. Morbi a ipsum. Integer a nibh. In quis justo. Maecenas rhoncus aliquam lacus. Morbi quis tortor id nulla ultrices aliquet.', 'ASCII', 'Pellentesque at nulla. Suspendisse potenti. Cras in purus eu magna vulputate luctus.', 'Sex and Zen (Rou pu Tuan zhi tou Qing bao Jian)');
insert into page (id, body, charset, description, title) values (23, 'Etiam faucibus cursus urna. Ut tellus.', 'UTF-8', 'Nunc nisl. Duis bibendum, felis sed interdum venenatis, turpis enim blandit mi, in porttitor pede justo eu massa.', 'Head Over Heels (De Pernas pro Ar)');
insert into page (id, body, charset, description, title) values (24, 'Vestibulum quam sapien, varius ut, blandit non, interdum in, ante.', 'ASCII', 'Integer tincidunt ante vel ipsum.', 'Rivers and Tides');
insert into page (id, body, charset, description, title) values (25, 'Donec dapibus. Duis at velit eu est congue elementum.', 'ASCII', 'Curabitur at ipsum ac tellus semper interdum. Mauris ullamcorper purus sit amet nulla. Quisque arcu libero, rutrum ac, lobortis vel, dapibus at, diam.', 'Shivers (They Came from Within)');
insert into page (id, body, charset, description, title) values (26, 'Aenean fermentum. Donec ut mauris eget massa tempor convallis. Nulla neque libero, convallis eget, eleifend luctus, ultricies eu, nibh. Quisque id justo sit amet sapien dignissim vestibulum. Vestibulum ante ipsum primis in faucibus orci luctus et ultrices posuere cubilia Curae; Nulla dapibus dolor vel est. Donec odio justo, sollicitudin ut, suscipit a, feugiat et, eros. Vestibulum ac est lacinia nisi venenatis tristique. Fusce congue, diam id ornare imperdiet, sapien urna pretium nisl, ut volutpat sapien arcu sed augue.', 'UTF-8', 'In sagittis dui vel nisl. Duis ac nibh. Fusce lacus purus, aliquet at, feugiat non, pretium quis, lectus. Suspendisse potenti.', 'Panic in Needle Park, The');
insert into page (id, body, charset, description, title) values (27, 'Integer ac neque. Duis bibendum. Morbi non quam nec dui luctus rutrum. Nulla tellus. In sagittis dui vel nisl. Duis ac nibh.', 'ASCII', 'Aenean sit amet justo.', 'Sugar');
insert into page (id, body, charset, description, title) values (28, 'Donec diam neque, vestibulum eget, vulputate ut, ultrices vel, augue. Vestibulum ante ipsum primis in faucibus orci luctus et ultrices posuere cubilia Curae; Donec pharetra, magna vestibulum aliquet ultrices, erat tortor sollicitudin mi, sit amet lobortis sapien sapien non mi. Integer ac neque. Duis bibendum. Morbi non quam nec dui luctus rutrum. Nulla tellus. In sagittis dui vel nisl. Duis ac nibh. Fusce lacus purus, aliquet at, feugiat non, pretium quis, lectus.', 'UTF-8', 'In hac habitasse platea dictumst. Maecenas ut massa quis augue luctus tincidunt.', 'Bank Job, The');
insert into page (id, body, charset, description, title) values (29, 'Duis at velit eu est congue elementum. In hac habitasse platea dictumst. Morbi vestibulum, velit id pretium iaculis, diam erat fermentum justo, nec condimentum neque sapien placerat ante. Nulla justo. Aliquam quis turpis eget elit sodales scelerisque. Mauris sit amet eros. Suspendisse accumsan tortor quis turpis. Sed ante. Vivamus tortor.', 'ASCII', 'Praesent lectus. Vestibulum quam sapien, varius ut, blandit non, interdum in, ante. Vestibulum ante ipsum primis in faucibus orci luctus et ultrices posuere cubilia Curae; Duis faucibus accumsan odio. Curabitur convallis.', 'Colt 38 Special Squad');
insert into page (id, body, charset, description, title) values (30, 'Pellentesque at nulla. Suspendisse potenti. Cras in purus eu magna vulputate luctus. Cum sociis natoque penatibus et magnis dis parturient montes, nascetur ridiculus mus. Vivamus vestibulum sagittis sapien. Cum sociis natoque penatibus et magnis dis parturient montes, nascetur ridiculus mus. Etiam vel augue. Vestibulum rutrum rutrum neque. Aenean auctor gravida sem. Praesent id massa id nisl venenatis lacinia.', 'ASCII', 'Phasellus sit amet erat.', 'Girl by the Lake, The (La ragazza del lago)');
insert into page (id, body, charset, description, title) values (31, 'Integer tincidunt ante vel ipsum.', 'ASCII', 'Nulla neque libero, convallis eget, eleifend luctus, ultricies eu, nibh. Quisque id justo sit amet sapien dignissim vestibulum. Vestibulum ante ipsum primis in faucibus orci luctus et ultrices posuere cubilia Curae; Nulla dapibus dolor vel est. Donec odio justo, sollicitudin ut, suscipit a, feugiat et, eros.', 'Best Man Holiday, The');
insert into page (id, body, charset, description, title) values (32, 'Aliquam augue quam, sollicitudin vitae, consectetuer eget, rutrum at, lorem. Integer tincidunt ante vel ipsum. Praesent blandit lacinia erat. Vestibulum sed magna at nunc commodo placerat. Praesent blandit. Nam nulla. Integer pede justo, lacinia eget, tincidunt eget, tempus vel, pede. Morbi porttitor lorem id ligula.', 'ASCII', 'Maecenas ut massa quis augue luctus tincidunt. Nulla mollis molestie lorem. Quisque ut erat. Curabitur gravida nisi at nibh.', 'Eagle Eye');
insert into page (id, body, charset, description, title) values (33, 'Cras pellentesque volutpat dui. Maecenas tristique, est et tempus semper, est quam pharetra magna, ac consequat metus sapien ut nunc. Vestibulum ante ipsum primis in faucibus orci luctus et ultrices posuere cubilia Curae; Mauris viverra diam vitae quam. Suspendisse potenti. Nullam porttitor lacus at turpis. Donec posuere metus vitae ipsum. Aliquam non mauris. Morbi non lectus. Aliquam sit amet diam in magna bibendum imperdiet.', 'ASCII', 'Vestibulum ante ipsum primis in faucibus orci luctus et ultrices posuere cubilia Curae; Mauris viverra diam vitae quam.', 'At Play in the Fields of the Lord');
insert into page (id, body, charset, description, title) values (34, 'Nullam orci pede, venenatis non, sodales sed, tincidunt eu, felis. Fusce posuere felis sed lacus. Morbi sem mauris, laoreet ut, rhoncus aliquet, pulvinar sed, nisl. Nunc rhoncus dui vel sem. Sed sagittis. Nam congue, risus semper porta volutpat, quam pede lobortis ligula, sit amet eleifend pede libero quis orci. Nullam molestie nibh in lectus. Pellentesque at nulla. Suspendisse potenti.', 'UTF-8', 'Quisque ut erat. Curabitur gravida nisi at nibh. In hac habitasse platea dictumst. Aliquam augue quam, sollicitudin vitae, consectetuer eget, rutrum at, lorem.', 'Scum');
insert into page (id, body, charset, description, title) values (35, 'Nam dui. Proin leo odio, porttitor id, consequat in, consequat ut, nulla. Sed accumsan felis.', 'UTF-8', 'Nam ultrices, libero non mattis pulvinar, nulla pede ullamcorper augue, a suscipit nulla elit ac nulla.', 'Paddington');
insert into page (id, body, charset, description, title) values (36, 'Lorem ipsum dolor sit amet, consectetuer adipiscing elit. Proin interdum mauris non ligula pellentesque ultrices. Phasellus id sapien in sapien iaculis congue. Vivamus metus arcu, adipiscing molestie, hendrerit at, vulputate vitae, nisl. Aenean lectus. Pellentesque eget nunc. Donec quis orci eget orci vehicula condimentum. Curabitur in libero ut massa volutpat convallis.', 'ASCII', 'Donec odio justo, sollicitudin ut, suscipit a, feugiat et, eros. Vestibulum ac est lacinia nisi venenatis tristique. Fusce congue, diam id ornare imperdiet, sapien urna pretium nisl, ut volutpat sapien arcu sed augue.', 'You Don''t Know Jack');
insert into page (id, body, charset, description, title) values (37, 'Morbi non lectus. Aliquam sit amet diam in magna bibendum imperdiet. Nullam orci pede, venenatis non, sodales sed, tincidunt eu, felis. Fusce posuere felis sed lacus. Morbi sem mauris, laoreet ut, rhoncus aliquet, pulvinar sed, nisl.', 'UTF-8', 'Nulla ut erat id mauris vulputate elementum. Nullam varius. Nulla facilisi.', 'Exterminating Angels, The (anges exterminateurs, Les)');
insert into page (id, body, charset, description, title) values (38, 'Fusce consequat. Nulla nisl. Nunc nisl. Duis bibendum, felis sed interdum venenatis, turpis enim blandit mi, in porttitor pede justo eu massa. Donec dapibus. Duis at velit eu est congue elementum.', 'UTF-8', 'Nulla suscipit ligula in lacus. Curabitur at ipsum ac tellus semper interdum.', 'Mr. Pip');
insert into page (id, body, charset, description, title) values (39, 'Donec dapibus. Duis at velit eu est congue elementum.', 'UTF-8', 'Donec vitae nisi. Nam ultrices, libero non mattis pulvinar, nulla pede ullamcorper augue, a suscipit nulla elit ac nulla.', 'Papa''s Delicate Condition');
insert into page (id, body, charset, description, title) values (40, 'Curabitur convallis. Duis consequat dui nec nisi volutpat eleifend. Donec ut dolor.', 'UTF-8', 'Integer a nibh.', 'Sadness of Sex, The');
insert into page (id, body, charset, description, title) values (41, 'Donec ut mauris eget massa tempor convallis. Nulla neque libero, convallis eget, eleifend luctus, ultricies eu, nibh. Quisque id justo sit amet sapien dignissim vestibulum. Vestibulum ante ipsum primis in faucibus orci luctus et ultrices posuere cubilia Curae; Nulla dapibus dolor vel est. Donec odio justo, sollicitudin ut, suscipit a, feugiat et, eros. Vestibulum ac est lacinia nisi venenatis tristique. Fusce congue, diam id ornare imperdiet, sapien urna pretium nisl, ut volutpat sapien arcu sed augue. Aliquam erat volutpat. In congue. Etiam justo.', 'UTF-8', 'Donec semper sapien a libero. Nam dui.', 'America: Imagine the World Without Her');
insert into page (id, body, charset, description, title) values (42, 'In hac habitasse platea dictumst. Etiam faucibus cursus urna. Ut tellus.', 'ASCII', 'Mauris ullamcorper purus sit amet nulla. Quisque arcu libero, rutrum ac, lobortis vel, dapibus at, diam. Nam tristique tortor eu pede.', 'The Man From The Alamo');
insert into page (id, body, charset, description, title) values (43, 'Morbi sem mauris, laoreet ut, rhoncus aliquet, pulvinar sed, nisl. Nunc rhoncus dui vel sem. Sed sagittis. Nam congue, risus semper porta volutpat, quam pede lobortis ligula, sit amet eleifend pede libero quis orci. Nullam molestie nibh in lectus.', 'ASCII', 'Lorem ipsum dolor sit amet, consectetuer adipiscing elit.', 'Day the Fish Came Out, The');
insert into page (id, body, charset, description, title) values (44, 'Morbi ut odio. Cras mi pede, malesuada in, imperdiet et, commodo vulputate, justo. In blandit ultrices enim. Lorem ipsum dolor sit amet, consectetuer adipiscing elit. Proin interdum mauris non ligula pellentesque ultrices. Phasellus id sapien in sapien iaculis congue.', 'UTF-8', 'Cras mi pede, malesuada in, imperdiet et, commodo vulputate, justo. In blandit ultrices enim. Lorem ipsum dolor sit amet, consectetuer adipiscing elit.', '35 Shots of Rum (35 rhums)');
insert into page (id, body, charset, description, title) values (45, 'Mauris enim leo, rhoncus sed, vestibulum sit amet, cursus id, turpis. Integer aliquet, massa id lobortis convallis, tortor risus dapibus augue, vel accumsan tellus nisi eu orci. Mauris lacinia sapien quis libero. Nullam sit amet turpis elementum ligula vehicula consequat. Morbi a ipsum. Integer a nibh. In quis justo. Maecenas rhoncus aliquam lacus. Morbi quis tortor id nulla ultrices aliquet. Maecenas leo odio, condimentum id, luctus nec, molestie sed, justo.', 'ASCII', 'Cras pellentesque volutpat dui. Maecenas tristique, est et tempus semper, est quam pharetra magna, ac consequat metus sapien ut nunc.', 'Love and Honor');
insert into page (id, body, charset, description, title) values (46, 'Nulla ut erat id mauris vulputate elementum. Nullam varius.', 'UTF-8', 'Morbi vestibulum, velit id pretium iaculis, diam erat fermentum justo, nec condimentum neque sapien placerat ante. Nulla justo. Aliquam quis turpis eget elit sodales scelerisque.', 'Killer Meteors, The (Feng yu shuang liu xing)');
insert into page (id, body, charset, description, title) values (47, 'Suspendisse accumsan tortor quis turpis. Sed ante. Vivamus tortor. Duis mattis egestas metus. Aenean fermentum. Donec ut mauris eget massa tempor convallis. Nulla neque libero, convallis eget, eleifend luctus, ultricies eu, nibh. Quisque id justo sit amet sapien dignissim vestibulum. Vestibulum ante ipsum primis in faucibus orci luctus et ultrices posuere cubilia Curae; Nulla dapibus dolor vel est.', 'UTF-8', 'In eleifend quam a odio. In hac habitasse platea dictumst.', 'After Death (Posle smerti)');
insert into page (id, body, charset, description, title) values (48, 'In eleifend quam a odio. In hac habitasse platea dictumst. Maecenas ut massa quis augue luctus tincidunt. Nulla mollis molestie lorem. Quisque ut erat. Curabitur gravida nisi at nibh.', 'ASCII', 'Vestibulum ante ipsum primis in faucibus orci luctus et ultrices posuere cubilia Curae; Duis faucibus accumsan odio.', 'Lady Vengeance (Sympathy for Lady Vengeance) (Chinjeolhan geumjassi)');
insert into page (id, body, charset, description, title) values (49, 'Maecenas rhoncus aliquam lacus. Morbi quis tortor id nulla ultrices aliquet. Maecenas leo odio, condimentum id, luctus nec, molestie sed, justo. Pellentesque viverra pede ac diam. Cras pellentesque volutpat dui. Maecenas tristique, est et tempus semper, est quam pharetra magna, ac consequat metus sapien ut nunc.', 'ASCII', 'Morbi vestibulum, velit id pretium iaculis, diam erat fermentum justo, nec condimentum neque sapien placerat ante. Nulla justo. Aliquam quis turpis eget elit sodales scelerisque.', 'Street Smart');
insert into page (id, body, charset, description, title) values (50, 'Donec odio justo, sollicitudin ut, suscipit a, feugiat et, eros. Vestibulum ac est lacinia nisi venenatis tristique. Fusce congue, diam id ornare imperdiet, sapien urna pretium nisl, ut volutpat sapien arcu sed augue. Aliquam erat volutpat. In congue. Etiam justo. Etiam pretium iaculis justo.', 'ASCII', 'Integer aliquet, massa id lobortis convallis, tortor risus dapibus augue, vel accumsan tellus nisi eu orci.', 'Wrong Turn');
insert into page (id, body, charset, description, title) values (51, 'Vivamus tortor. Duis mattis egestas metus. Aenean fermentum. Donec ut mauris eget massa tempor convallis. Nulla neque libero, convallis eget, eleifend luctus, ultricies eu, nibh. Quisque id justo sit amet sapien dignissim vestibulum. Vestibulum ante ipsum primis in faucibus orci luctus et ultrices posuere cubilia Curae; Nulla dapibus dolor vel est. Donec odio justo, sollicitudin ut, suscipit a, feugiat et, eros.', 'ASCII', 'Nullam porttitor lacus at turpis. Donec posuere metus vitae ipsum. Aliquam non mauris. Morbi non lectus.', 'Wild Strawberries (Smultronstället)');
insert into page (id, body, charset, description, title) values (52, 'Morbi vestibulum, velit id pretium iaculis, diam erat fermentum justo, nec condimentum neque sapien placerat ante. Nulla justo. Aliquam quis turpis eget elit sodales scelerisque. Mauris sit amet eros. Suspendisse accumsan tortor quis turpis. Sed ante. Vivamus tortor. Duis mattis egestas metus. Aenean fermentum.', 'UTF-8', 'Aliquam quis turpis eget elit sodales scelerisque. Mauris sit amet eros. Suspendisse accumsan tortor quis turpis. Sed ante.', 'Brief Encounter');
insert into page (id, body, charset, description, title) values (53, 'Integer pede justo, lacinia eget, tincidunt eget, tempus vel, pede. Morbi porttitor lorem id ligula. Suspendisse ornare consequat lectus. In est risus, auctor sed, tristique in, tempus sit amet, sem. Fusce consequat. Nulla nisl. Nunc nisl.', 'ASCII', 'Nulla facilisi. Cras non velit nec nisi vulputate nonummy.', 'De-Lovely');
insert into page (id, body, charset, description, title) values (54, 'Aenean sit amet justo. Morbi ut odio. Cras mi pede, malesuada in, imperdiet et, commodo vulputate, justo. In blandit ultrices enim.', 'ASCII', 'Donec ut dolor. Morbi vel lectus in quam fringilla rhoncus. Mauris enim leo, rhoncus sed, vestibulum sit amet, cursus id, turpis.', 'Mr. Conservative: Goldwater on Goldwater');
insert into page (id, body, charset, description, title) values (55, 'Fusce congue, diam id ornare imperdiet, sapien urna pretium nisl, ut volutpat sapien arcu sed augue.', 'UTF-8', 'Suspendisse accumsan tortor quis turpis.', 'Comes a Horseman');
insert into page (id, body, charset, description, title) values (56, 'Vestibulum ante ipsum primis in faucibus orci luctus et ultrices posuere cubilia Curae; Donec pharetra, magna vestibulum aliquet ultrices, erat tortor sollicitudin mi, sit amet lobortis sapien sapien non mi. Integer ac neque. Duis bibendum. Morbi non quam nec dui luctus rutrum. Nulla tellus. In sagittis dui vel nisl.', 'ASCII', 'Nulla tempus. Vivamus in felis eu sapien cursus vestibulum. Proin eu mi. Nulla ac enim.', 'Faraway, So Close (In weiter Ferne, so nah!)');
insert into page (id, body, charset, description, title) values (57, 'Nam dui.', 'UTF-8', 'Morbi quis tortor id nulla ultrices aliquet.', 'Goodbye World');
insert into page (id, body, charset, description, title) values (58, 'Praesent id massa id nisl venenatis lacinia. Aenean sit amet justo. Morbi ut odio. Cras mi pede, malesuada in, imperdiet et, commodo vulputate, justo. In blandit ultrices enim.', 'UTF-8', 'Cras in purus eu magna vulputate luctus. Cum sociis natoque penatibus et magnis dis parturient montes, nascetur ridiculus mus. Vivamus vestibulum sagittis sapien.', 'Darling Companion');
insert into page (id, body, charset, description, title) values (59, 'Pellentesque eget nunc. Donec quis orci eget orci vehicula condimentum. Curabitur in libero ut massa volutpat convallis. Morbi odio odio, elementum eu, interdum eu, tincidunt in, leo. Maecenas pulvinar lobortis est. Phasellus sit amet erat. Nulla tempus. Vivamus in felis eu sapien cursus vestibulum. Proin eu mi.', 'ASCII', 'Proin leo odio, porttitor id, consequat in, consequat ut, nulla. Sed accumsan felis.', 'Ritz, The');
insert into page (id, body, charset, description, title) values (60, 'In sagittis dui vel nisl.', 'UTF-8', 'Mauris ullamcorper purus sit amet nulla. Quisque arcu libero, rutrum ac, lobortis vel, dapibus at, diam. Nam tristique tortor eu pede.', 'The Land Before Time IX: Journey to the Big Water');
insert into page (id, body, charset, description, title) values (61, 'Aliquam sit amet diam in magna bibendum imperdiet. Nullam orci pede, venenatis non, sodales sed, tincidunt eu, felis. Fusce posuere felis sed lacus. Morbi sem mauris, laoreet ut, rhoncus aliquet, pulvinar sed, nisl. Nunc rhoncus dui vel sem. Sed sagittis. Nam congue, risus semper porta volutpat, quam pede lobortis ligula, sit amet eleifend pede libero quis orci. Nullam molestie nibh in lectus. Pellentesque at nulla. Suspendisse potenti.', 'UTF-8', 'Maecenas tristique, est et tempus semper, est quam pharetra magna, ac consequat metus sapien ut nunc. Vestibulum ante ipsum primis in faucibus orci luctus et ultrices posuere cubilia Curae; Mauris viverra diam vitae quam. Suspendisse potenti.', 'Karlsson Brothers (Bröderna Karlsson)');
insert into page (id, body, charset, description, title) values (62, 'Nulla ac enim. In tempor, turpis nec euismod scelerisque, quam turpis adipiscing lorem, vitae mattis nibh ligula nec sem. Duis aliquam convallis nunc. Proin at turpis a pede posuere nonummy. Integer non velit. Donec diam neque, vestibulum eget, vulputate ut, ultrices vel, augue. Vestibulum ante ipsum primis in faucibus orci luctus et ultrices posuere cubilia Curae; Donec pharetra, magna vestibulum aliquet ultrices, erat tortor sollicitudin mi, sit amet lobortis sapien sapien non mi.', 'ASCII', 'Pellentesque at nulla. Suspendisse potenti. Cras in purus eu magna vulputate luctus.', 'Spine Tingler!  The William Castle Story');
insert into page (id, body, charset, description, title) values (63, 'Nullam orci pede, venenatis non, sodales sed, tincidunt eu, felis.', 'ASCII', 'Pellentesque at nulla. Suspendisse potenti.', 'Teenagers from Outer Space');
insert into page (id, body, charset, description, title) values (64, 'Donec semper sapien a libero. Nam dui.', 'ASCII', 'Morbi vestibulum, velit id pretium iaculis, diam erat fermentum justo, nec condimentum neque sapien placerat ante. Nulla justo. Aliquam quis turpis eget elit sodales scelerisque. Mauris sit amet eros.', 'Prick Up Your Ears');
insert into page (id, body, charset, description, title) values (65, 'Morbi non quam nec dui luctus rutrum. Nulla tellus. In sagittis dui vel nisl. Duis ac nibh. Fusce lacus purus, aliquet at, feugiat non, pretium quis, lectus. Suspendisse potenti. In eleifend quam a odio. In hac habitasse platea dictumst.', 'ASCII', 'Pellentesque eget nunc. Donec quis orci eget orci vehicula condimentum. Curabitur in libero ut massa volutpat convallis.', '1990: The Bronx Warriors (1990: I guerrieri del Bronx)');
insert into page (id, body, charset, description, title) values (66, 'Vivamus vestibulum sagittis sapien. Cum sociis natoque penatibus et magnis dis parturient montes, nascetur ridiculus mus. Etiam vel augue.', 'ASCII', 'In tempor, turpis nec euismod scelerisque, quam turpis adipiscing lorem, vitae mattis nibh ligula nec sem.', '13 Ghosts');
insert into page (id, body, charset, description, title) values (67, 'Lorem ipsum dolor sit amet, consectetuer adipiscing elit. Proin interdum mauris non ligula pellentesque ultrices. Phasellus id sapien in sapien iaculis congue. Vivamus metus arcu, adipiscing molestie, hendrerit at, vulputate vitae, nisl. Aenean lectus. Pellentesque eget nunc. Donec quis orci eget orci vehicula condimentum. Curabitur in libero ut massa volutpat convallis.', 'ASCII', 'Integer non velit.', 'Celeste and Jesse Forever (Celeste & Jesse Forever)');
insert into page (id, body, charset, description, title) values (68, 'Morbi a ipsum. Integer a nibh. In quis justo. Maecenas rhoncus aliquam lacus. Morbi quis tortor id nulla ultrices aliquet. Maecenas leo odio, condimentum id, luctus nec, molestie sed, justo. Pellentesque viverra pede ac diam. Cras pellentesque volutpat dui. Maecenas tristique, est et tempus semper, est quam pharetra magna, ac consequat metus sapien ut nunc.', 'ASCII', 'Nulla tempus. Vivamus in felis eu sapien cursus vestibulum. Proin eu mi.', 'Blood and Chocolate');
insert into page (id, body, charset, description, title) values (69, 'Maecenas pulvinar lobortis est. Phasellus sit amet erat. Nulla tempus. Vivamus in felis eu sapien cursus vestibulum. Proin eu mi. Nulla ac enim. In tempor, turpis nec euismod scelerisque, quam turpis adipiscing lorem, vitae mattis nibh ligula nec sem.', 'ASCII', 'Mauris ullamcorper purus sit amet nulla. Quisque arcu libero, rutrum ac, lobortis vel, dapibus at, diam. Nam tristique tortor eu pede.', 'Spirit, The');
insert into page (id, body, charset, description, title) values (70, 'Sed vel enim sit amet nunc viverra dapibus. Nulla suscipit ligula in lacus. Curabitur at ipsum ac tellus semper interdum. Mauris ullamcorper purus sit amet nulla. Quisque arcu libero, rutrum ac, lobortis vel, dapibus at, diam.', 'UTF-8', 'Pellentesque eget nunc. Donec quis orci eget orci vehicula condimentum. Curabitur in libero ut massa volutpat convallis.', 'You''ll Never Get Rich');
insert into page (id, body, charset, description, title) values (71, 'Phasellus id sapien in sapien iaculis congue. Vivamus metus arcu, adipiscing molestie, hendrerit at, vulputate vitae, nisl.', 'ASCII', 'Nulla suscipit ligula in lacus. Curabitur at ipsum ac tellus semper interdum.', '1969');
insert into page (id, body, charset, description, title) values (72, 'In sagittis dui vel nisl. Duis ac nibh. Fusce lacus purus, aliquet at, feugiat non, pretium quis, lectus.', 'ASCII', 'Cum sociis natoque penatibus et magnis dis parturient montes, nascetur ridiculus mus. Etiam vel augue.', 'Final Cut, The');
insert into page (id, body, charset, description, title) values (73, 'Pellentesque viverra pede ac diam. Cras pellentesque volutpat dui. Maecenas tristique, est et tempus semper, est quam pharetra magna, ac consequat metus sapien ut nunc. Vestibulum ante ipsum primis in faucibus orci luctus et ultrices posuere cubilia Curae; Mauris viverra diam vitae quam. Suspendisse potenti. Nullam porttitor lacus at turpis. Donec posuere metus vitae ipsum. Aliquam non mauris. Morbi non lectus.', 'ASCII', 'Integer ac neque.', 'Talent for the Game');
insert into page (id, body, charset, description, title) values (74, 'Morbi a ipsum. Integer a nibh. In quis justo. Maecenas rhoncus aliquam lacus. Morbi quis tortor id nulla ultrices aliquet. Maecenas leo odio, condimentum id, luctus nec, molestie sed, justo.', 'UTF-8', 'Suspendisse ornare consequat lectus. In est risus, auctor sed, tristique in, tempus sit amet, sem. Fusce consequat. Nulla nisl.', 'Woman in the Dunes (Suna no onna)');
insert into page (id, body, charset, description, title) values (75, 'Fusce consequat. Nulla nisl. Nunc nisl. Duis bibendum, felis sed interdum venenatis, turpis enim blandit mi, in porttitor pede justo eu massa.', 'UTF-8', 'Aliquam augue quam, sollicitudin vitae, consectetuer eget, rutrum at, lorem. Integer tincidunt ante vel ipsum. Praesent blandit lacinia erat.', 'Magic of Ordinary Days, The');
insert into page (id, body, charset, description, title) values (76, 'Curabitur gravida nisi at nibh. In hac habitasse platea dictumst. Aliquam augue quam, sollicitudin vitae, consectetuer eget, rutrum at, lorem. Integer tincidunt ante vel ipsum.', 'UTF-8', 'Curabitur at ipsum ac tellus semper interdum. Mauris ullamcorper purus sit amet nulla.', 'Canvas');
insert into page (id, body, charset, description, title) values (77, 'Nulla tempus. Vivamus in felis eu sapien cursus vestibulum. Proin eu mi. Nulla ac enim. In tempor, turpis nec euismod scelerisque, quam turpis adipiscing lorem, vitae mattis nibh ligula nec sem. Duis aliquam convallis nunc. Proin at turpis a pede posuere nonummy.', 'UTF-8', 'Fusce lacus purus, aliquet at, feugiat non, pretium quis, lectus.', 'Dynamite Girl (Dynamiittityttö)');
insert into page (id, body, charset, description, title) values (78, 'Mauris enim leo, rhoncus sed, vestibulum sit amet, cursus id, turpis. Integer aliquet, massa id lobortis convallis, tortor risus dapibus augue, vel accumsan tellus nisi eu orci.', 'UTF-8', 'Proin eu mi. Nulla ac enim. In tempor, turpis nec euismod scelerisque, quam turpis adipiscing lorem, vitae mattis nibh ligula nec sem. Duis aliquam convallis nunc.', 'Night Porter, The (Portiere di notte, Il)');
insert into page (id, body, charset, description, title) values (79, 'Duis consequat dui nec nisi volutpat eleifend. Donec ut dolor. Morbi vel lectus in quam fringilla rhoncus. Mauris enim leo, rhoncus sed, vestibulum sit amet, cursus id, turpis. Integer aliquet, massa id lobortis convallis, tortor risus dapibus augue, vel accumsan tellus nisi eu orci. Mauris lacinia sapien quis libero. Nullam sit amet turpis elementum ligula vehicula consequat. Morbi a ipsum. Integer a nibh. In quis justo.', 'UTF-8', 'Morbi non quam nec dui luctus rutrum. Nulla tellus.', 'Meatballs Part II');
insert into page (id, body, charset, description, title) values (80, 'Maecenas tristique, est et tempus semper, est quam pharetra magna, ac consequat metus sapien ut nunc.', 'UTF-8', 'Sed ante.', 'My Dinner with André');
insert into page (id, body, charset, description, title) values (81, 'Proin interdum mauris non ligula pellentesque ultrices. Phasellus id sapien in sapien iaculis congue. Vivamus metus arcu, adipiscing molestie, hendrerit at, vulputate vitae, nisl. Aenean lectus. Pellentesque eget nunc. Donec quis orci eget orci vehicula condimentum.', 'UTF-8', 'Phasellus id sapien in sapien iaculis congue. Vivamus metus arcu, adipiscing molestie, hendrerit at, vulputate vitae, nisl. Aenean lectus.', 'Jay-Z: Made in America');
insert into page (id, body, charset, description, title) values (82, 'Curabitur gravida nisi at nibh.', 'ASCII', 'Donec posuere metus vitae ipsum. Aliquam non mauris. Morbi non lectus. Aliquam sit amet diam in magna bibendum imperdiet.', 'Free Money');
insert into page (id, body, charset, description, title) values (83, 'In est risus, auctor sed, tristique in, tempus sit amet, sem. Fusce consequat. Nulla nisl. Nunc nisl. Duis bibendum, felis sed interdum venenatis, turpis enim blandit mi, in porttitor pede justo eu massa. Donec dapibus. Duis at velit eu est congue elementum.', 'ASCII', 'Donec posuere metus vitae ipsum. Aliquam non mauris. Morbi non lectus. Aliquam sit amet diam in magna bibendum imperdiet.', 'Darkest Hour, The');
insert into page (id, body, charset, description, title) values (84, 'Praesent id massa id nisl venenatis lacinia. Aenean sit amet justo. Morbi ut odio. Cras mi pede, malesuada in, imperdiet et, commodo vulputate, justo. In blandit ultrices enim. Lorem ipsum dolor sit amet, consectetuer adipiscing elit. Proin interdum mauris non ligula pellentesque ultrices.', 'ASCII', 'Suspendisse ornare consequat lectus. In est risus, auctor sed, tristique in, tempus sit amet, sem. Fusce consequat. Nulla nisl.', 'Snow and Ashes');
insert into page (id, body, charset, description, title) values (85, 'Donec posuere metus vitae ipsum. Aliquam non mauris. Morbi non lectus. Aliquam sit amet diam in magna bibendum imperdiet. Nullam orci pede, venenatis non, sodales sed, tincidunt eu, felis. Fusce posuere felis sed lacus. Morbi sem mauris, laoreet ut, rhoncus aliquet, pulvinar sed, nisl. Nunc rhoncus dui vel sem. Sed sagittis. Nam congue, risus semper porta volutpat, quam pede lobortis ligula, sit amet eleifend pede libero quis orci.', 'UTF-8', 'Quisque erat eros, viverra eget, congue eget, semper rutrum, nulla.', 'Slender Thread, The');
insert into page (id, body, charset, description, title) values (86, 'Quisque ut erat. Curabitur gravida nisi at nibh. In hac habitasse platea dictumst. Aliquam augue quam, sollicitudin vitae, consectetuer eget, rutrum at, lorem. Integer tincidunt ante vel ipsum. Praesent blandit lacinia erat. Vestibulum sed magna at nunc commodo placerat. Praesent blandit. Nam nulla. Integer pede justo, lacinia eget, tincidunt eget, tempus vel, pede.', 'UTF-8', 'Proin risus. Praesent lectus. Vestibulum quam sapien, varius ut, blandit non, interdum in, ante. Vestibulum ante ipsum primis in faucibus orci luctus et ultrices posuere cubilia Curae; Duis faucibus accumsan odio.', 'Oki''s Movie (Ok-hui-ui yeonghwa)');
insert into page (id, body, charset, description, title) values (87, 'Aliquam erat volutpat. In congue. Etiam justo. Etiam pretium iaculis justo. In hac habitasse platea dictumst. Etiam faucibus cursus urna. Ut tellus.', 'UTF-8', 'Etiam justo. Etiam pretium iaculis justo.', 'Halls of Montezuma');
insert into page (id, body, charset, description, title) values (88, 'Duis bibendum. Morbi non quam nec dui luctus rutrum. Nulla tellus. In sagittis dui vel nisl. Duis ac nibh. Fusce lacus purus, aliquet at, feugiat non, pretium quis, lectus. Suspendisse potenti.', 'UTF-8', 'Nunc purus. Phasellus in felis. Donec semper sapien a libero.', 'Miracle at St. Anna');
insert into page (id, body, charset, description, title) values (89, 'Praesent blandit lacinia erat. Vestibulum sed magna at nunc commodo placerat. Praesent blandit. Nam nulla.', 'UTF-8', 'Maecenas ut massa quis augue luctus tincidunt. Nulla mollis molestie lorem. Quisque ut erat.', 'Quintet');
insert into page (id, body, charset, description, title) values (90, 'Sed ante. Vivamus tortor. Duis mattis egestas metus. Aenean fermentum. Donec ut mauris eget massa tempor convallis. Nulla neque libero, convallis eget, eleifend luctus, ultricies eu, nibh.', 'ASCII', 'Integer a nibh. In quis justo. Maecenas rhoncus aliquam lacus.', 'State of Things, The (Stand der Dinge, Der)');
insert into page (id, body, charset, description, title) values (91, 'Nulla mollis molestie lorem. Quisque ut erat. Curabitur gravida nisi at nibh. In hac habitasse platea dictumst. Aliquam augue quam, sollicitudin vitae, consectetuer eget, rutrum at, lorem. Integer tincidunt ante vel ipsum.', 'UTF-8', 'Vivamus in felis eu sapien cursus vestibulum.', 'Baby On Board');
insert into page (id, body, charset, description, title) values (92, 'Etiam justo. Etiam pretium iaculis justo. In hac habitasse platea dictumst. Etiam faucibus cursus urna. Ut tellus.', 'UTF-8', 'Donec ut mauris eget massa tempor convallis. Nulla neque libero, convallis eget, eleifend luctus, ultricies eu, nibh. Quisque id justo sit amet sapien dignissim vestibulum. Vestibulum ante ipsum primis in faucibus orci luctus et ultrices posuere cubilia Curae; Nulla dapibus dolor vel est.', 'Charlie Chan in The Chinese Cat');
insert into page (id, body, charset, description, title) values (93, 'Sed vel enim sit amet nunc viverra dapibus. Nulla suscipit ligula in lacus. Curabitur at ipsum ac tellus semper interdum. Mauris ullamcorper purus sit amet nulla.', 'ASCII', 'Etiam pretium iaculis justo. In hac habitasse platea dictumst. Etiam faucibus cursus urna. Ut tellus.', 'Toomorrow');
insert into page (id, body, charset, description, title) values (94, 'Duis ac nibh. Fusce lacus purus, aliquet at, feugiat non, pretium quis, lectus. Suspendisse potenti. In eleifend quam a odio. In hac habitasse platea dictumst. Maecenas ut massa quis augue luctus tincidunt. Nulla mollis molestie lorem.', 'UTF-8', 'Lorem ipsum dolor sit amet, consectetuer adipiscing elit. Proin risus.', 'Troop Beverly Hills');
insert into page (id, body, charset, description, title) values (95, 'Nulla tempus. Vivamus in felis eu sapien cursus vestibulum. Proin eu mi. Nulla ac enim. In tempor, turpis nec euismod scelerisque, quam turpis adipiscing lorem, vitae mattis nibh ligula nec sem. Duis aliquam convallis nunc. Proin at turpis a pede posuere nonummy. Integer non velit.', 'ASCII', 'Maecenas pulvinar lobortis est. Phasellus sit amet erat. Nulla tempus.', 'Recess: School''s Out');
insert into page (id, body, charset, description, title) values (96, 'Donec quis orci eget orci vehicula condimentum. Curabitur in libero ut massa volutpat convallis. Morbi odio odio, elementum eu, interdum eu, tincidunt in, leo. Maecenas pulvinar lobortis est. Phasellus sit amet erat. Nulla tempus. Vivamus in felis eu sapien cursus vestibulum. Proin eu mi. Nulla ac enim.', 'ASCII', 'Donec ut dolor.', 'Repatriation');
insert into page (id, body, charset, description, title) values (97, 'Aliquam augue quam, sollicitudin vitae, consectetuer eget, rutrum at, lorem. Integer tincidunt ante vel ipsum. Praesent blandit lacinia erat. Vestibulum sed magna at nunc commodo placerat. Praesent blandit. Nam nulla. Integer pede justo, lacinia eget, tincidunt eget, tempus vel, pede. Morbi porttitor lorem id ligula.', 'UTF-8', 'Donec ut mauris eget massa tempor convallis. Nulla neque libero, convallis eget, eleifend luctus, ultricies eu, nibh. Quisque id justo sit amet sapien dignissim vestibulum.', 'After Porn Ends');
insert into page (id, body, charset, description, title) values (98, 'In hac habitasse platea dictumst. Aliquam augue quam, sollicitudin vitae, consectetuer eget, rutrum at, lorem. Integer tincidunt ante vel ipsum. Praesent blandit lacinia erat. Vestibulum sed magna at nunc commodo placerat. Praesent blandit. Nam nulla.', 'UTF-8', 'Aliquam erat volutpat. In congue.', 'Armageddon 2012');
insert into page (id, body, charset, description, title) values (99, 'Vestibulum ante ipsum primis in faucibus orci luctus et ultrices posuere cubilia Curae; Duis faucibus accumsan odio. Curabitur convallis. Duis consequat dui nec nisi volutpat eleifend. Donec ut dolor.', 'UTF-8', 'Nullam varius. Nulla facilisi. Cras non velit nec nisi vulputate nonummy.', 'Calendar');
insert into page (id, body, charset, description, title) values (100, 'Sed vel enim sit amet nunc viverra dapibus.', 'ASCII', 'Cras mi pede, malesuada in, imperdiet et, commodo vulputate, justo. In blandit ultrices enim. Lorem ipsum dolor sit amet, consectetuer adipiscing elit.', 'Fly Away Home');
insert into menu (id, name, root, menu_id) values (1, 'Kwideo', 'y', 2);
insert into menu (id, name, root, menu_id) values (2, 'Bubblemix', 'n', 15);
insert into menu (id, name, root, menu_id) values (3, 'Youbridge', 'y', 10);
insert into menu (id, name, root, menu_id) values (4, 'Ozu', 'n', 76);
insert into menu (id, name, root, menu_id) values (5, 'Photobean', 'y', 49);
insert into menu (id, name, root, menu_id) values (6, 'Babbleset', 'n', null);
insert into menu (id, name, root, menu_id) values (7, 'Dynazzy', 'y', 81);
insert into menu (id, name, root, menu_id) values (8, 'Yacero', 'y', 65);
insert into menu (id, name, root, menu_id) values (9, 'Devshare', 'y', 23);
insert into menu (id, name, root, menu_id) values (10, 'Livetube', 'y', 94);
insert into menu (id, name, root, menu_id) values (11, 'Shufflester', 'n', 39);
insert into menu (id, name, root, menu_id) values (12, 'Twiyo', 'y', 63);
insert into menu (id, name, root, menu_id) values (13, 'Voonyx', 'n', 81);
insert into menu (id, name, root, menu_id) values (14, 'Quatz', 'n', 62);
insert into menu (id, name, root, menu_id) values (15, 'Rhycero', 'y', 93);
insert into menu (id, name, root, menu_id) values (16, 'Tagchat', 'n', 20);
insert into menu (id, name, root, menu_id) values (17, 'Kwilith', 'n', 23);
insert into menu (id, name, root, menu_id) values (18, 'Centizu', 'y', 95);
insert into menu (id, name, root, menu_id) values (19, 'Cogibox', 'y', 7);
insert into menu (id, name, root, menu_id) values (20, 'Muxo', 'y', null);
insert into menu (id, name, root, menu_id) values (21, 'Kwinu', 'y', 11);
insert into menu (id, name, root, menu_id) values (22, 'Twitterlist', 'n', 94);
insert into menu (id, name, root, menu_id) values (23, 'Jaxworks', 'n', 87);
insert into menu (id, name, root, menu_id) values (24, 'Gabtype', 'y', 76);
insert into menu (id, name, root, menu_id) values (25, 'Vitz', 'y', 25);
insert into menu (id, name, root, menu_id) values (26, 'Teklist', 'y', 48);
insert into menu (id, name, root, menu_id) values (27, 'Gabcube', 'y', 3);
insert into menu (id, name, root, menu_id) values (28, 'Yadel', 'n', 22);
insert into menu (id, name, root, menu_id) values (29, 'Buzzdog', 'n', 77);
insert into menu (id, name, root, menu_id) values (30, 'Zoomcast', 'y', 18);
insert into menu (id, name, root, menu_id) values (31, 'Kwilith', 'n', 26);
insert into menu (id, name, root, menu_id) values (32, 'Yabox', 'n', 37);
insert into menu (id, name, root, menu_id) values (33, 'Demimbu', 'n', null);
insert into menu (id, name, root, menu_id) values (34, 'Snaptags', 'n', 96);
insert into menu (id, name, root, menu_id) values (35, 'Kwinu', 'y', 54);
insert into menu (id, name, root, menu_id) values (36, 'Aimbo', 'n', 54);
insert into menu (id, name, root, menu_id) values (37, 'Lazzy', 'n', null);
insert into menu (id, name, root, menu_id) values (38, 'Fivebridge', 'y', 67);
insert into menu (id, name, root, menu_id) values (39, 'Innotype', 'y', 5);
insert into menu (id, name, root, menu_id) values (40, 'Zazio', 'y', 100);
insert into menu (id, name, root, menu_id) values (41, 'Twiyo', 'y', 49);
insert into menu (id, name, root, menu_id) values (42, 'Tambee', 'y', 34);
insert into menu (id, name, root, menu_id) values (43, 'Gigazoom', 'y', 78);
insert into menu (id, name, root, menu_id) values (44, 'Oodoo', 'n', 3);
insert into menu (id, name, root, menu_id) values (45, 'Pixoboo', 'y', 27);
insert into menu (id, name, root, menu_id) values (46, 'Brainsphere', 'n', 33);
insert into menu (id, name, root, menu_id) values (47, 'Katz', 'n', 8);
insert into menu (id, name, root, menu_id) values (48, 'Divape', 'n', 14);
insert into menu (id, name, root, menu_id) values (49, 'Twiyo', 'y', 32);
insert into menu (id, name, root, menu_id) values (50, 'Zoozzy', 'y', 48);
insert into menu (id, name, root, menu_id) values (51, 'Feedfire', 'y', null);
insert into menu (id, name, root, menu_id) values (52, 'Aivee', 'n', 40);
insert into menu (id, name, root, menu_id) values (53, 'Quaxo', 'n', 50);
insert into menu (id, name, root, menu_id) values (54, 'Trudoo', 'n', null);
insert into menu (id, name, root, menu_id) values (55, 'Viva', 'y', 60);
insert into menu (id, name, root, menu_id) values (56, 'Oozz', 'n', 32);
insert into menu (id, name, root, menu_id) values (57, 'Tazz', 'n', 63);
insert into menu (id, name, root, menu_id) values (58, 'Devbug', 'y', 81);
insert into menu (id, name, root, menu_id) values (59, 'Yamia', 'n', 45);
insert into menu (id, name, root, menu_id) values (60, 'Brainverse', 'y', 22);
insert into menu (id, name, root, menu_id) values (61, 'Camimbo', 'y', 44);
insert into menu (id, name, root, menu_id) values (62, 'Fatz', 'y', 2);
insert into menu (id, name, root, menu_id) values (63, 'Quamba', 'y', 37);
insert into menu (id, name, root, menu_id) values (64, 'JumpXS', 'n', 67);
insert into menu (id, name, root, menu_id) values (65, 'Innotype', 'y', 49);
insert into menu (id, name, root, menu_id) values (66, 'Trilith', 'n', 55);
insert into menu (id, name, root, menu_id) values (67, 'Blogspan', 'y', null);
insert into menu (id, name, root, menu_id) values (68, 'Cogibox', 'n', 21);
insert into menu (id, name, root, menu_id) values (69, 'Quimm', 'y', 51);
insert into menu (id, name, root, menu_id) values (70, 'Innotype', 'y', 38);
insert into menu (id, name, root, menu_id) values (71, 'Gigabox', 'y', 8);
insert into menu (id, name, root, menu_id) values (72, 'Photofeed', 'n', 98);
insert into menu (id, name, root, menu_id) values (73, 'Blogtag', 'y', 98);
insert into menu (id, name, root, menu_id) values (74, 'Blogpad', 'y', 4);
insert into menu (id, name, root, menu_id) values (75, 'Jabbercube', 'y', 99);
insert into menu (id, name, root, menu_id) values (76, 'Skimia', 'y', 58);
insert into menu (id, name, root, menu_id) values (77, 'Kwilith', 'n', 38);
insert into menu (id, name, root, menu_id) values (78, 'Voonder', 'y', 16);
insert into menu (id, name, root, menu_id) values (79, 'Rooxo', 'n', 65);
insert into menu (id, name, root, menu_id) values (80, 'Yodel', 'n', 56);
insert into menu (id, name, root, menu_id) values (81, 'Jabbercube', 'y', 23);
insert into menu (id, name, root, menu_id) values (82, 'Eabox', 'n', 37);
insert into menu (id, name, root, menu_id) values (83, 'Blogspan', 'n', 74);
insert into menu (id, name, root, menu_id) values (84, 'Jabbertype', 'n', 23);
insert into menu (id, name, root, menu_id) values (85, 'Photospace', 'n', 78);
insert into menu (id, name, root, menu_id) values (86, 'Lazzy', 'y', 24);
insert into menu (id, name, root, menu_id) values (87, 'Jayo', 'y', 10);
insert into menu (id, name, root, menu_id) values (88, 'Fatz', 'y', null);
insert into menu (id, name, root, menu_id) values (89, 'Youspan', 'n', 63);
insert into menu (id, name, root, menu_id) values (90, 'Centizu', 'n', 35);
insert into menu (id, name, root, menu_id) values (91, 'Vidoo', 'y', 43);
insert into menu (id, name, root, menu_id) values (92, 'Trilia', 'y', 91);
insert into menu (id, name, root, menu_id) values (93, 'Lajo', 'y', 88);
insert into menu (id, name, root, menu_id) values (94, 'Devshare', 'y', null);
insert into menu (id, name, root, menu_id) values (95, 'Jabbersphere', 'n', 93);
insert into menu (id, name, root, menu_id) values (96, 'Feedmix', 'y', 46);
insert into menu (id, name, root, menu_id) values (97, 'Babbleset', 'y', 77);
insert into menu (id, name, root, menu_id) values (98, 'Buzzbean', 'y', 7);
insert into menu (id, name, root, menu_id) values (99, 'Blogspan', 'y', 31);
insert into menu (id, name, root, menu_id) values (100, 'Realcube', 'n', 76);
insert into item (id, name, link, menu_id) values (1, 'Sonsing', 'jugem.jp/nascetur.xml', 1);
insert into item (id, name, link, menu_id) values (2, 'Prodder', 'mayoclinic.com/eu/est/congue/elementum.jpg', 2);
insert into item (id, name, link, menu_id) values (3, 'Gembucket', 'jiathis.com/amet/erat/nulla/tempus/vivamus/in.png', 3);
insert into item (id, name, link, menu_id) values (4, 'Tin', 'ezinearticles.com/lacinia/sapien/quis/libero.aspx', 4);
insert into item (id, name, link, menu_id) values (5, 'Cardguard', 'meetup.com/vestibulum/ante/ipsum/primis/in.png', 5);
insert into item (id, name, link, menu_id) values (6, 'Wrapsafe', 'mysql.com/non.jpg', 6);
insert into item (id, name, link, menu_id) values (7, 'Fix San', 'issuu.com/massa.jsp', 7);
insert into item (id, name, link, menu_id) values (8, 'Y-find', 'goo.ne.jp/semper/rutrum/nulla/nunc/purus.aspx', 8);
insert into item (id, name, link, menu_id) values (9, 'It', 'miibeian.gov.cn/morbi.html', 9);
insert into item (id, name, link, menu_id) values (10, 'Job', 'netscape.com/massa/tempor/convallis.xml', 10);
insert into item (id, name, link, menu_id) values (11, 'Span', 'moonfruit.com/aliquet/at.xml', 11);
insert into item (id, name, link, menu_id) values (12, 'Job', 'ustream.tv/ligula/vehicula/consequat/morbi/a/ipsum.js', 12);
insert into item (id, name, link, menu_id) values (13, 'Konklux', 'elegantthemes.com/luctus.html', 13);
insert into item (id, name, link, menu_id) values (14, 'Bigtax', 'theguardian.com/dictumst/maecenas/ut/massa/quis/augue/luctus.jsp', 14);
insert into item (id, name, link, menu_id) values (15, 'Overhold', 'miitbeian.gov.cn/non.jpg', 15);
insert into item (id, name, link, menu_id) values (16, 'Regrant', 'youtube.com/aliquet/pulvinar/sed/nisl/nunc/rhoncus.json', 16);
insert into item (id, name, link, menu_id) values (17, 'Cardguard', 'biblegateway.com/pellentesque.xml', 17);
insert into item (id, name, link, menu_id) values (18, 'Tampflex', 'cocolog-nifty.com/metus/arcu/adipiscing/molestie/hendrerit.aspx', 18);
insert into item (id, name, link, menu_id) values (19, 'Tampflex', 'amazon.co.jp/sed/augue/aliquam/erat/volutpat.jpg', 19);
insert into item (id, name, link, menu_id) values (20, 'Latlux', 'cam.ac.uk/non/pretium.aspx', 20);
insert into item (id, name, link, menu_id) values (21, 'Flowdesk', 'drupal.org/lacus/morbi/sem/mauris/laoreet.js', 21);
insert into item (id, name, link, menu_id) values (22, 'Asoka', 'theguardian.com/diam/nam/tristique/tortor/eu.aspx', 22);
insert into item (id, name, link, menu_id) values (23, 'Sonsing', 'blinklist.com/erat/nulla/tempus/vivamus/in/felis/eu.json', 23);
insert into item (id, name, link, menu_id) values (24, 'Tresom', 'tmall.com/curabitur/gravida/nisi/at/nibh.jsp', 24);
insert into item (id, name, link, menu_id) values (25, 'Rank', 'census.gov/in/congue/etiam/justo/etiam/pretium.xml', 25);
insert into item (id, name, link, menu_id) values (26, 'Tin', 'privacy.gov.au/tempor/turpis/nec/euismod.jsp', 26);
insert into item (id, name, link, menu_id) values (27, 'Kanlam', 'addtoany.com/magna/vulputate/luctus/cum/sociis/natoque.jpg', 27);
insert into item (id, name, link, menu_id) values (28, 'Zontrax', 'soundcloud.com/aliquet.jpg', 28);
insert into item (id, name, link, menu_id) values (29, 'Wrapsafe', 'weather.com/scelerisque/mauris/sit/amet/eros/suspendisse.png', 29);
insert into item (id, name, link, menu_id) values (30, 'Hatity', 'cpanel.net/suspendisse/ornare.html', 30);
insert into item (id, name, link, menu_id) values (31, 'Lotlux', 'bluehost.com/dapibus/duis/at/velit/eu.jsp', 31);
insert into item (id, name, link, menu_id) values (32, 'Pannier', 'wikimedia.org/velit/eu/est/congue/elementum.html', 32);
insert into item (id, name, link, menu_id) values (33, 'Keylex', 'china.com.cn/gravida/nisi/at/nibh/in/hac/habitasse.jsp', 33);
insert into item (id, name, link, menu_id) values (34, 'Greenlam', 'wordpress.com/elementum/ligula.png', 34);
insert into item (id, name, link, menu_id) values (35, 'Temp', 'storify.com/porttitor/lorem.js', 35);
insert into item (id, name, link, menu_id) values (36, 'Span', 'dion.ne.jp/magna/bibendum/imperdiet/nullam/orci/pede.aspx', 36);
insert into item (id, name, link, menu_id) values (37, 'Tresom', 'cbslocal.com/diam/vitae/quam/suspendisse/potenti.jsp', 37);
insert into item (id, name, link, menu_id) values (38, 'Gembucket', 'wikispaces.com/in/ante/vestibulum/ante/ipsum/primis.jpg', 38);
insert into item (id, name, link, menu_id) values (39, 'Domainer', 'diigo.com/tellus/semper/interdum/mauris.html', 39);
insert into item (id, name, link, menu_id) values (40, 'Voyatouch', 'dailymail.co.uk/viverra/diam/vitae/quam/suspendisse.xml', 40);
insert into item (id, name, link, menu_id) values (41, 'Wrapsafe', 'yolasite.com/sapien/placerat.png', 41);
insert into item (id, name, link, menu_id) values (42, 'Sub-Ex', 'squidoo.com/integer.png', 42);
insert into item (id, name, link, menu_id) values (43, 'Flexidy', 'google.com/faucibus/orci/luctus.aspx', 43);
insert into item (id, name, link, menu_id) values (44, 'Wrapsafe', 'craigslist.org/integer.html', 44);
insert into item (id, name, link, menu_id) values (45, 'Fintone', 'addtoany.com/faucibus/orci/luctus/et/ultrices/posuere.jsp', 45);
insert into item (id, name, link, menu_id) values (46, 'Alpha', 'com.com/consequat/ut/nulla/sed/accumsan.html', 46);
insert into item (id, name, link, menu_id) values (47, 'Tin', 'kickstarter.com/consectetuer/adipiscing/elit/proin/risus.aspx', 47);
insert into item (id, name, link, menu_id) values (48, 'Tresom', 'reddit.com/ligula/sit/amet/eleifend/pede.png', 48);
insert into item (id, name, link, menu_id) values (49, 'Tres-Zap', 'about.com/in/hac/habitasse.aspx', 49);
insert into item (id, name, link, menu_id) values (50, 'Cookley', 'nih.gov/turpis.aspx', 50);
insert into item (id, name, link, menu_id) values (51, 'Voyatouch', 'ihg.com/molestie/hendrerit/at/vulputate/vitae/nisl/aenean.html', 51);
insert into item (id, name, link, menu_id) values (52, 'Cardify', 'baidu.com/est/phasellus.jsp', 52);
insert into item (id, name, link, menu_id) values (53, 'Tresom', 'marriott.com/nisi/nam/ultrices/libero/non/mattis.xml', 53);
insert into item (id, name, link, menu_id) values (54, 'Cookley', 'chron.com/lacus/morbi/sem/mauris/laoreet/ut/rhoncus.js', 54);
insert into item (id, name, link, menu_id) values (55, 'Stringtough', 'tripod.com/cras/in/purus/eu/magna/vulputate/luctus.json', 55);
insert into item (id, name, link, menu_id) values (56, 'Konklux', 'github.com/nulla.aspx', 56);
insert into item (id, name, link, menu_id) values (57, 'Veribet', 'moonfruit.com/semper/rutrum/nulla/nunc.html', 57);
insert into item (id, name, link, menu_id) values (58, 'Prodder', 'creativecommons.org/fusce/congue.js', 58);
insert into item (id, name, link, menu_id) values (59, 'Redhold', 'mysql.com/quisque/porta/volutpat/erat/quisque/erat/eros.aspx', 59);
insert into item (id, name, link, menu_id) values (60, 'Transcof', 'live.com/vivamus/metus.png', 60);
insert into item (id, name, link, menu_id) values (61, 'Alpha', 'unesco.org/morbi/vestibulum/velit/id/pretium.json', 61);
insert into item (id, name, link, menu_id) values (62, 'Trippledex', 'google.co.jp/bibendum/imperdiet/nullam/orci/pede.png', 62);
insert into item (id, name, link, menu_id) values (63, 'Konklab', '51.la/parturient.aspx', 63);
insert into item (id, name, link, menu_id) values (64, 'Biodex', 'usnews.com/duis.xml', 64);
insert into item (id, name, link, menu_id) values (65, 'Tampflex', 'bandcamp.com/ut/suscipit/a/feugiat/et.xml', 65);
insert into item (id, name, link, menu_id) values (66, 'It', 'dell.com/lacus/at.jpg', 66);
insert into item (id, name, link, menu_id) values (67, 'Fixflex', 'g.co/congue.jsp', 67);
insert into item (id, name, link, menu_id) values (68, 'Tampflex', 'baidu.com/nulla/dapibus/dolor/vel.xml', 68);
insert into item (id, name, link, menu_id) values (69, 'Temp', 'dyndns.org/est.png', 69);
insert into item (id, name, link, menu_id) values (70, 'Otcom', 'nbcnews.com/mauris/ullamcorper/purus/sit.jsp', 70);
insert into item (id, name, link, menu_id) values (71, 'Sonair', 'macromedia.com/elementum/pellentesque/quisque/porta/volutpat/erat/quisque.xml', 71);
insert into item (id, name, link, menu_id) values (72, 'Span', 'webmd.com/id/luctus/nec/molestie/sed/justo.aspx', 72);
insert into item (id, name, link, menu_id) values (73, 'Bigtax', 'bizjournals.com/sed.aspx', 73);
insert into item (id, name, link, menu_id) values (74, 'Konklab', 'google.com.au/leo/odio/condimentum.json', 74);
insert into item (id, name, link, menu_id) values (75, 'Trippledex', 'epa.gov/at/velit/vivamus.js', 75);
insert into item (id, name, link, menu_id) values (76, 'Lotlux', 'ihg.com/tellus/nisi/eu/orci/mauris/lacinia.js', 76);
insert into item (id, name, link, menu_id) values (77, 'Lotstring', 'mapquest.com/enim/blandit/mi/in.aspx', 77);
insert into item (id, name, link, menu_id) values (78, 'Konklux', 'dot.gov/pede/morbi/porttitor.jsp', 78);
insert into item (id, name, link, menu_id) values (79, 'Holdlamis', 'wikispaces.com/nisi/venenatis.aspx', 79);
insert into item (id, name, link, menu_id) values (80, 'Bigtax', 'google.pl/felis/donec/semper.jsp', 80);
insert into item (id, name, link, menu_id) values (81, 'Stronghold', 'ca.gov/justo/nec/condimentum/neque/sapien/placerat.json', 81);
insert into item (id, name, link, menu_id) values (82, 'Tampflex', 'mapquest.com/ante/vivamus.xml', 82);
insert into item (id, name, link, menu_id) values (83, 'Aerified', 'tinypic.com/dui/vel.jsp', 83);
insert into item (id, name, link, menu_id) values (84, 'Biodex', 'themeforest.net/luctus/et/ultrices/posuere/cubilia/curae.xml', 84);
insert into item (id, name, link, menu_id) values (85, 'Hatity', 'miitbeian.gov.cn/ut/odio/cras/mi/pede/malesuada.xml', 85);
insert into item (id, name, link, menu_id) values (86, 'Home Ing', 'statcounter.com/ut/volutpat.jsp', 86);
insert into item (id, name, link, menu_id) values (87, 'Transcof', 'biblegateway.com/sapien/dignissim/vestibulum/vestibulum/ante/ipsum.png', 87);
insert into item (id, name, link, menu_id) values (88, 'Redhold', 'behance.net/curabitur/gravida/nisi/at/nibh/in/hac.json', 88);
insert into item (id, name, link, menu_id) values (89, 'Fixflex', 'typepad.com/nulla/ultrices/aliquet.json', 89);
insert into item (id, name, link, menu_id) values (90, 'Aerified', 'omniture.com/ac.xml', 90);
insert into item (id, name, link, menu_id) values (91, 'Gembucket', 'gnu.org/sollicitudin.xml', 91);
insert into item (id, name, link, menu_id) values (92, 'Sonair', 'icio.us/vitae.xml', 92);
insert into item (id, name, link, menu_id) values (93, 'Subin', 'marketwatch.com/at/turpis/a/pede/posuere.xml', 93);
insert into item (id, name, link, menu_id) values (94, 'Andalax', 'dot.gov/primis/in/faucibus/orci/luctus.jsp', 94);
insert into item (id, name, link, menu_id) values (95, 'Cardguard', 'moonfruit.com/quam/pede.jsp', 95);
insert into item (id, name, link, menu_id) values (96, 'Bitwolf', 'eepurl.com/hac/habitasse.jsp', 96);
insert into item (id, name, link, menu_id) values (97, 'Opela', 'cbc.ca/lorem/id/ligula/suspendisse/ornare/consequat.js', 97);
insert into item (id, name, link, menu_id) values (98, 'Tres-Zap', 'com.com/sagittis/sapien/cum/sociis/natoque/penatibus.html', 98);
insert into item (id, name, link, menu_id) values (99, 'Vagram', 'msu.edu/rutrum/neque.jsp', 99);
insert into item (id, name, link, menu_id) values (100, 'Bigtax', 'tmall.com/mauris/eget.json', 100);
insert into item (id, name, link, menu_id) values (101, 'Bitchip', 'seesaa.net/viverra/dapibus/nulla/suscipit.aspx', 78);
insert into item (id, name, link, menu_id) values (102, 'Bamity', 'ft.com/lobortis/vel/dapibus/at.xml', 80);
insert into item (id, name, link, menu_id) values (103, 'Rank', 'newsvine.com/nisl/duis.json', 39);
insert into item (id, name, link, menu_id) values (104, 'Alpha', 'unicef.org/nunc/viverra.png', 36);
insert into item (id, name, link, menu_id) values (105, 'Rank', 'un.org/sed/magna/at/nunc.jsp', 38);
insert into item (id, name, link, menu_id) values (106, 'Voltsillam', 'geocities.jp/vulputate/nonummy/maecenas/tincidunt/lacus/at/velit.js', 81);
insert into item (id, name, link, menu_id) values (107, 'Voltsillam', 'yandex.ru/id/nulla/ultrices/aliquet/maecenas/leo/odio.xml', 47);
insert into item (id, name, link, menu_id) values (108, 'Toughjoyfax', 'xrea.com/justo/sollicitudin.json', 2);
insert into item (id, name, link, menu_id) values (109, 'Konklab', 'feedburner.com/porttitor/lacus/at/turpis/donec/posuere/metus.js', 39);
insert into item (id, name, link, menu_id) values (110, 'Rank', 'va.gov/aliquet/at/feugiat/non/pretium/quis/lectus.html', 86);
insert into item (id, name, link, menu_id) values (111, 'Vagram', 'bloglines.com/nullam/molestie/nibh/in/lectus.html', 5);
insert into item (id, name, link, menu_id) values (112, 'Asoka', 'nba.com/ut/mauris/eget/massa/tempor/convallis/nulla.png', 19);
insert into item (id, name, link, menu_id) values (113, 'Konklux', '123-reg.co.uk/ipsum.jpg', 81);
insert into item (id, name, link, menu_id) values (114, 'Zontrax', 'hostgator.com/adipiscing/lorem/vitae/mattis/nibh/ligula/nec.json', 33);
insert into item (id, name, link, menu_id) values (115, 'Mat Lam Tam', 'yelp.com/molestie.json', 34);
insert into item (id, name, link, menu_id) values (116, 'Sub-Ex', 'aboutads.info/eros/suspendisse/accumsan/tortor/quis/turpis.json', 1);
insert into item (id, name, link, menu_id) values (117, 'Subin', 'reddit.com/adipiscing/lorem/vitae/mattis.js', 66);
insert into item (id, name, link, menu_id) values (118, 'Stringtough', 'pcworld.com/velit/vivamus/vel/nulla/eget/eros/elementum.jsp', 85);
insert into item (id, name, link, menu_id) values (119, 'Treeflex', 'networkadvertising.org/duis/aliquam/convallis.jpg', 56);
insert into item (id, name, link, menu_id) values (120, 'Namfix', 'google.cn/integer/pede/justo/lacinia/eget/tincidunt/eget.html', 36);
insert into item (id, name, link, menu_id) values (121, 'Fixflex', 'topsy.com/et/magnis/dis/parturient.jpg', 10);
insert into item (id, name, link, menu_id) values (122, 'Gembucket', 'china.com.cn/tincidunt/nulla/mollis/molestie/lorem.html', 84);
insert into item (id, name, link, menu_id) values (123, 'Viva', 'fc2.com/congue/etiam/justo/etiam/pretium.js', 27);
insert into item (id, name, link, menu_id) values (124, 'Voltsillam', 'fema.gov/et/ultrices.jpg', 49);
insert into item (id, name, link, menu_id) values (125, 'Cardify', 'fc2.com/sed/interdum/venenatis/turpis/enim/blandit.js', 80);
insert into item (id, name, link, menu_id) values (126, 'Rank', 'mozilla.com/metus.aspx', 79);
insert into item (id, name, link, menu_id) values (127, 'Otcom', 'sourceforge.net/nulla/nisl/nunc.xml', 60);
insert into item (id, name, link, menu_id) values (128, 'Cardguard', 'google.it/congue.jpg', 95);
insert into item (id, name, link, menu_id) values (129, 'Aerified', 'wikispaces.com/quam/turpis/adipiscing/lorem/vitae/mattis.xml', 42);
insert into item (id, name, link, menu_id) values (130, 'Duobam', 'harvard.edu/consectetuer/adipiscing/elit/proin/risus/praesent/lectus.html', 16);
insert into item (id, name, link, menu_id) values (131, 'Zamit', 'tuttocitta.it/ut/erat/curabitur/gravida/nisi/at.png', 100);
insert into item (id, name, link, menu_id) values (132, 'Viva', 'people.com.cn/sed/augue/aliquam.xml', 23);
insert into item (id, name, link, menu_id) values (133, 'Tin', 'rakuten.co.jp/justo/nec/condimentum/neque.png', 82);
insert into item (id, name, link, menu_id) values (134, 'Solarbreeze', 'mit.edu/sed/vestibulum/sit/amet/cursus.html', 12);
insert into item (id, name, link, menu_id) values (135, 'Asoka', 'stanford.edu/eget/tincidunt/eget/tempus/vel/pede/morbi.jsp', 31);
insert into item (id, name, link, menu_id) values (136, 'Voyatouch', 'fastcompany.com/turpis/sed/ante/vivamus/tortor.jpg', 30);
insert into item (id, name, link, menu_id) values (137, 'Veribet', 'amazon.com/ligula/in/lacus/curabitur/at/ipsum/ac.jpg', 23);
insert into item (id, name, link, menu_id) values (138, 'Sub-Ex', 'topsy.com/ante/vestibulum/ante/ipsum/primis.js', 18);
insert into item (id, name, link, menu_id) values (139, 'Kanlam', 'lycos.com/at/nulla/suspendisse/potenti/cras/in.jpg', 75);
insert into item (id, name, link, menu_id) values (140, 'Redhold', 'fema.gov/posuere.jsp', 11);
insert into item (id, name, link, menu_id) values (141, 'Cardify', 'xinhuanet.com/ut/rhoncus/aliquet/pulvinar/sed/nisl.json', 70);
insert into item (id, name, link, menu_id) values (142, 'Flexidy', 'ebay.com/ut.jpg', 11);
insert into item (id, name, link, menu_id) values (143, 'Konklux', 'angelfire.com/felis.aspx', 77);
insert into item (id, name, link, menu_id) values (144, 'Matsoft', 'europa.eu/lacus/morbi/quis/tortor.png', 47);
insert into item (id, name, link, menu_id) values (145, 'Tin', 'i2i.jp/eget/tincidunt/eget/tempus/vel/pede/morbi.json', 67);
insert into item (id, name, link, menu_id) values (146, 'Bamity', 'squidoo.com/sapien/iaculis.jpg', 22);
insert into item (id, name, link, menu_id) values (147, 'Cardguard', 'arizona.edu/id/consequat/in/consequat.html', 71);
insert into item (id, name, link, menu_id) values (148, 'Zontrax', 'opensource.org/eu/interdum.xml', 93);
insert into item (id, name, link, menu_id) values (149, 'Sonsing', 'technorati.com/semper.xml', 38);
insert into item (id, name, link, menu_id) values (150, 'Y-Solowarm', 'loc.gov/justo/nec/condimentum/neque.html', 89);
insert into item (id, name, link, menu_id) values (151, 'Tresom', 'de.vu/quisque/erat/eros.js', 37);
insert into item (id, name, link, menu_id) values (152, 'Bigtax', 'google.com.br/morbi/quis/tortor/id/nulla/ultrices/aliquet.png', 39);
insert into item (id, name, link, menu_id) values (153, 'Fix San', 'scribd.com/arcu/adipiscing/molestie/hendrerit/at/vulputate.aspx', 35);
insert into item (id, name, link, menu_id) values (154, 'Matsoft', 'trellian.com/neque/sapien/placerat/ante/nulla.js', 11);
insert into item (id, name, link, menu_id) values (155, 'Cardify', 'wordpress.org/elit/sodales/scelerisque/mauris/sit/amet.xml', 79);
insert into item (id, name, link, menu_id) values (156, 'Biodex', 'barnesandnoble.com/tempor/convallis.js', 38);
insert into item (id, name, link, menu_id) values (157, 'Sonair', 'tumblr.com/convallis/nunc/proin/at/turpis.xml', 58);
insert into item (id, name, link, menu_id) values (158, 'Bitwolf', 'acquirethisname.com/odio/condimentum/id/luctus/nec/molestie.aspx', 31);
insert into item (id, name, link, menu_id) values (159, 'Daltfresh', 'drupal.org/quis.xml', 6);
insert into item (id, name, link, menu_id) values (160, 'Zamit', 'pinterest.com/eget/eleifend/luctus.xml', 10);
insert into item (id, name, link, menu_id) values (161, 'Stringtough', 'addthis.com/vehicula/consequat.js', 77);
insert into item (id, name, link, menu_id) values (162, 'Greenlam', 'i2i.jp/felis/donec.jsp', 32);
insert into item (id, name, link, menu_id) values (163, 'Konklux', 'drupal.org/imperdiet/et.aspx', 2);
insert into item (id, name, link, menu_id) values (164, 'Lotlux', 'sphinn.com/quis/odio/consequat/varius/integer/ac/leo.aspx', 1);
insert into item (id, name, link, menu_id) values (165, 'Job', 'istockphoto.com/phasellus.xml', 73);
insert into item (id, name, link, menu_id) values (166, 'Flexidy', 'apple.com/dapibus/dolor/vel/est/donec/odio/justo.js', 24);
insert into item (id, name, link, menu_id) values (167, 'Latlux', 'twitpic.com/posuere/cubilia/curae/mauris.aspx', 99);
insert into item (id, name, link, menu_id) values (168, 'Temp', 'answers.com/dui/proin/leo.js', 8);
insert into item (id, name, link, menu_id) values (169, 'Biodex', 'photobucket.com/sed/magna/at.aspx', 57);
insert into item (id, name, link, menu_id) values (170, 'Opela', 'blogs.com/in/hac/habitasse/platea/dictumst.json', 79);
insert into item (id, name, link, menu_id) values (171, 'Voyatouch', 'eventbrite.com/id.html', 10);
insert into item (id, name, link, menu_id) values (172, 'Bytecard', 'newsvine.com/a/nibh.png', 30);
insert into item (id, name, link, menu_id) values (173, 'Asoka', 'sciencedaily.com/risus/praesent.js', 83);
insert into item (id, name, link, menu_id) values (174, 'Duobam', 'loc.gov/id/sapien/in/sapien/iaculis.html', 85);
insert into item (id, name, link, menu_id) values (175, 'Cookley', 'whitehouse.gov/mi.aspx', 12);
insert into item (id, name, link, menu_id) values (176, 'Latlux', 'go.com/est/quam/pharetra.js', 8);
insert into item (id, name, link, menu_id) values (177, 'Bitwolf', 'washington.edu/duis/bibendum.jsp', 83);
insert into item (id, name, link, menu_id) values (178, 'Hatity', 'elpais.com/dis/parturient/montes/nascetur/ridiculus/mus.html', 94);
insert into item (id, name, link, menu_id) values (179, 'It', 'aboutads.info/dui/proin/leo/odio.jsp', 95);
insert into item (id, name, link, menu_id) values (180, 'Tin', 'pinterest.com/vivamus/vestibulum/sagittis/sapien/cum/sociis.png', 48);
insert into item (id, name, link, menu_id) values (181, 'Zaam-Dox', 'xing.com/est/congue/elementum.aspx', 94);
insert into item (id, name, link, menu_id) values (182, 'Treeflex', 'yellowpages.com/nunc/viverra/dapibus.aspx', 25);
insert into item (id, name, link, menu_id) values (183, 'Regrant', 'nyu.edu/tristique/fusce/congue/diam/id.jpg', 59);
insert into item (id, name, link, menu_id) values (184, 'Tin', 'usnews.com/varius/ut/blandit/non/interdum/in.xml', 86);
insert into item (id, name, link, menu_id) values (185, 'Quo Lux', 'huffingtonpost.com/curae/donec/pharetra/magna/vestibulum/aliquet/ultrices.png', 65);
insert into item (id, name, link, menu_id) values (186, 'It', 'w3.org/cubilia/curae.png', 51);
insert into item (id, name, link, menu_id) values (187, 'Veribet', 'wired.com/ut/blandit/non/interdum.jpg', 46);
insert into item (id, name, link, menu_id) values (188, 'Ronstring', 'google.ru/mattis/nibh/ligula/nec/sem/duis.jsp', 95);
insert into item (id, name, link, menu_id) values (189, 'Zontrax', 'ocn.ne.jp/a.png', 19);
insert into item (id, name, link, menu_id) values (190, 'Sub-Ex', 'g.co/donec/ut/mauris/eget/massa/tempor/convallis.jpg', 49);
insert into item (id, name, link, menu_id) values (191, 'Ventosanzap', 'list-manage.com/lacinia/sapien.aspx', 43);
insert into item (id, name, link, menu_id) values (192, 'Bytecard', '123-reg.co.uk/imperdiet/nullam.json', 59);
insert into item (id, name, link, menu_id) values (193, 'Konklux', 'hatena.ne.jp/ligula/vehicula.aspx', 64);
insert into item (id, name, link, menu_id) values (194, 'Sub-Ex', 'linkedin.com/eu/magna/vulputate/luctus/cum.json', 88);
insert into item (id, name, link, menu_id) values (195, 'Veribet', 'nbcnews.com/cubilia/curae/nulla/dapibus/dolor/vel/est.html', 33);
insert into item (id, name, link, menu_id) values (196, 'Bitwolf', 'ebay.co.uk/sociis/natoque/penatibus/et.jsp', 60);
insert into item (id, name, link, menu_id) values (197, 'Biodex', 'gravatar.com/sed/lacus.jsp', 31);
insert into item (id, name, link, menu_id) values (198, 'Flexidy', 'ibm.com/ut/erat/id/mauris.aspx', 72);
insert into item (id, name, link, menu_id) values (199, 'Cookley', 'gizmodo.com/sem.json', 3);
insert into item (id, name, link, menu_id) values (200, 'Vagram', 'whitehouse.gov/rutrum/at.xml', 71);
insert into provision (id, customer_id, end_date, start_date, menu_id, page_id) values (1, 'cgregoretti0', '2022-04-18', '2022-03-27', 20, 62);
insert into provision (id, customer_id, end_date, start_date, menu_id, page_id) values (2, 'pwhiteland1', '2022-04-26', '2022-03-12', 17, 58);
insert into provision (id, customer_id, end_date, start_date, menu_id, page_id) values (3, 'dscrange2', '2022-04-03', '2022-03-02', 74, 68);
insert into provision (id, customer_id, end_date, start_date, menu_id, page_id) values (4, 'kpettiward3', '2022-04-29', '2022-03-09', 48, 95);
insert into provision (id, customer_id, end_date, start_date, menu_id, page_id) values (5, 'rstancliffe4', '2022-04-07', '2022-03-21', 88, 86);
insert into provision (id, customer_id, end_date, start_date, menu_id, page_id) values (6, 'rtynewell5', '2022-04-28', '2022-03-21', 7, 71);
insert into provision (id, customer_id, end_date, start_date, menu_id, page_id) values (7, 'bcondict6', '2022-04-15', '2022-03-18', 78, 58);
insert into provision (id, customer_id, end_date, start_date, menu_id, page_id) values (8, 'blongcake7', '2022-04-15', '2022-03-01', 70, 31);
insert into provision (id, customer_id, end_date, start_date, menu_id, page_id) values (9, 'lthickins8', '2022-04-23', '2022-03-24', 61, 79);
insert into provision (id, customer_id, end_date, start_date, menu_id, page_id) values (10, 'rmamwell9', '2022-04-14', '2022-03-24', 41, 73);
insert into provision (id, customer_id, end_date, start_date, menu_id, page_id) values (11, 'wlackemanna', '2022-04-15', '2022-03-19', 75, 21);
insert into provision (id, customer_id, end_date, start_date, menu_id, page_id) values (12, 'shaltb', '2022-04-11', '2022-03-18', 54, 30);
insert into provision (id, customer_id, end_date, start_date, menu_id, page_id) values (13, 'rboatwrightc', '2022-04-24', '2022-03-21', 5, 61);
insert into provision (id, customer_id, end_date, start_date, menu_id, page_id) values (14, 'ajodlkowskid', '2022-04-14', '2022-03-08', 75, 87);
insert into provision (id, customer_id, end_date, start_date, menu_id, page_id) values (15, 'jadhamse', '2022-04-24', '2022-03-14', 93, 80);
insert into provision (id, customer_id, end_date, start_date, menu_id, page_id) values (16, 'tmccolganf', '2022-04-23', '2022-03-10', 38, 45);
insert into provision (id, customer_id, end_date, start_date, menu_id, page_id) values (17, 'dalmeidag', '2022-04-01', '2022-03-03', 68, 84);
insert into provision (id, customer_id, end_date, start_date, menu_id, page_id) values (18, 'nwolffersh', '2022-04-06', '2022-03-01', 89, 97);
insert into provision (id, customer_id, end_date, start_date, menu_id, page_id) values (19, 'tschonfelderi', '2022-04-26', '2022-03-06', 70, 65);
insert into provision (id, customer_id, end_date, start_date, menu_id, page_id) values (20, 'kcurgenuerj', '2022-04-05', '2022-03-14', 95, 85);
insert into provision (id, customer_id, end_date, start_date, menu_id, page_id) values (21, 'bcroptonk', '2022-04-03', '2022-03-05', 57, 68);
insert into provision (id, customer_id, end_date, start_date, menu_id, page_id) values (22, 'rivinsl', '2022-04-16', '2022-03-06', 13, 46);
insert into provision (id, customer_id, end_date, start_date, menu_id, page_id) values (23, 'agrzesm', '2022-04-18', '2022-03-14', 28, 33);
insert into provision (id, customer_id, end_date, start_date, menu_id, page_id) values (24, 'wcunningtonn', '2022-04-15', '2022-03-13', 55, 38);
insert into provision (id, customer_id, end_date, start_date, menu_id, page_id) values (25, 'mklaeso', '2022-04-25', '2022-03-15', 58, 19);
insert into provision (id, customer_id, end_date, start_date, menu_id, page_id) values (26, 'mgaskenp', '2022-04-29', '2022-03-12', 90, 5);
insert into provision (id, customer_id, end_date, start_date, menu_id, page_id) values (27, 'kstansallq', '2022-04-29', '2022-03-04', 37, 92);
insert into provision (id, customer_id, end_date, start_date, menu_id, page_id) values (28, 'vriccettir', '2022-04-07', '2022-03-15', 85, 18);
insert into provision (id, customer_id, end_date, start_date, menu_id, page_id) values (29, 'gdunfords', '2022-04-06', '2022-03-29', 78, 9);
insert into provision (id, customer_id, end_date, start_date, menu_id, page_id) values (30, 'pmattiatot', '2022-04-12', '2022-03-07', 56, 93);
insert into provision (id, customer_id, end_date, start_date, menu_id, page_id) values (31, 'rtoddu', '2022-04-10', '2022-03-27', 98, 23);
insert into provision (id, customer_id, end_date, start_date, menu_id, page_id) values (32, 'sdrinanv', '2022-04-21', '2022-03-23', 89, 82);
insert into provision (id, customer_id, end_date, start_date, menu_id, page_id) values (33, 'tiapicow', '2022-04-05', '2022-03-26', 10, 60);
insert into provision (id, customer_id, end_date, start_date, menu_id, page_id) values (34, 'ofassetx', '2022-04-04', '2022-03-26', 54, 75);
insert into provision (id, customer_id, end_date, start_date, menu_id, page_id) values (35, 'cangrocky', '2022-04-27', '2022-03-12', 58, 98);
insert into provision (id, customer_id, end_date, start_date, menu_id, page_id) values (36, 'aenricoz', '2022-04-22', '2022-03-29', 69, 78);
insert into provision (id, customer_id, end_date, start_date, menu_id, page_id) values (37, 'rharsent10', '2022-04-26', '2022-03-13', 99, 22);
insert into provision (id, customer_id, end_date, start_date, menu_id, page_id) values (38, 'tkiehne11', '2022-04-12', '2022-03-04', 83, 48);
insert into provision (id, customer_id, end_date, start_date, menu_id, page_id) values (39, 'cmckimmie12', '2022-04-04', '2022-03-16', 39, 92);
insert into provision (id, customer_id, end_date, start_date, menu_id, page_id) values (40, 'kbabonau13', '2022-04-07', '2022-03-12', 69, 66);
insert into provision (id, customer_id, end_date, start_date, menu_id, page_id) values (41, 'gemmins14', '2022-04-23', '2022-03-18', 94, 78);
insert into provision (id, customer_id, end_date, start_date, menu_id, page_id) values (42, 'lrohlf15', '2022-04-10', '2022-03-28', 85, 8);
insert into provision (id, customer_id, end_date, start_date, menu_id, page_id) values (43, 'mmulbery16', '2022-04-20', '2022-03-14', 13, 93);
insert into provision (id, customer_id, end_date, start_date, menu_id, page_id) values (44, 'dharteley17', '2022-04-15', '2022-03-09', 76, 41);
insert into provision (id, customer_id, end_date, start_date, menu_id, page_id) values (45, 'vhucker18', '2022-04-16', '2022-03-14', 82, 40);
insert into provision (id, customer_id, end_date, start_date, menu_id, page_id) values (46, 'wllywarch19', '2022-04-19', '2022-03-03', 16, 1);
insert into provision (id, customer_id, end_date, start_date, menu_id, page_id) values (47, 'fpleasants1a', '2022-04-27', '2022-03-07', 92, 13);
insert into provision (id, customer_id, end_date, start_date, menu_id, page_id) values (48, 'rmichieli1b', '2022-04-28', '2022-03-01', 62, 28);
insert into provision (id, customer_id, end_date, start_date, menu_id, page_id) values (49, 'ggommery1c', '2022-04-06', '2022-03-24', 53, 51);
insert into provision (id, customer_id, end_date, start_date, menu_id, page_id) values (50, 'jewers1d', '2022-04-15', '2022-03-05', 73, 22);
insert into provision (id, customer_id, end_date, start_date, menu_id, page_id) values (51, 'pjeste1e', '2022-04-03', '2022-03-21', 1, 33);
insert into provision (id, customer_id, end_date, start_date, menu_id, page_id) values (52, 'mlangthorne1f', '2022-04-29', '2022-03-14', 16, 68);
insert into provision (id, customer_id, end_date, start_date, menu_id, page_id) values (53, 'omactrusty1g', '2022-04-29', '2022-03-13', 39, 15);
insert into provision (id, customer_id, end_date, start_date, menu_id, page_id) values (54, 'ebuterton1h', '2022-04-27', '2022-03-11', 14, 13);
insert into provision (id, customer_id, end_date, start_date, menu_id, page_id) values (55, 'usoppit1i', '2022-04-15', '2022-03-15', 48, 74);
insert into provision (id, customer_id, end_date, start_date, menu_id, page_id) values (56, 'hchurchouse1j', '2022-04-14', '2022-03-24', 25, 19);
insert into provision (id, customer_id, end_date, start_date, menu_id, page_id) values (57, 'mcomfort1k', '2022-04-09', '2022-03-13', 50, 57);
insert into provision (id, customer_id, end_date, start_date, menu_id, page_id) values (58, 'fsleeford1l', '2022-04-14', '2022-03-28', 45, 95);
insert into provision (id, customer_id, end_date, start_date, menu_id, page_id) values (59, 'skeymer1m', '2022-04-27', '2022-03-29', 62, 38);
insert into provision (id, customer_id, end_date, start_date, menu_id, page_id) values (60, 'ghayers1n', '2022-04-26', '2022-03-27', 69, 16);
insert into provision (id, customer_id, end_date, start_date, menu_id, page_id) values (61, 'sklimus1o', '2022-04-12', '2022-03-12', 70, 68);
insert into provision (id, customer_id, end_date, start_date, menu_id, page_id) values (62, 'lbonellie1p', '2022-04-05', '2022-03-07', 34, 63);
insert into provision (id, customer_id, end_date, start_date, menu_id, page_id) values (63, 'sharmour1q', '2022-04-23', '2022-03-29', 5, 83);
insert into provision (id, customer_id, end_date, start_date, menu_id, page_id) values (64, 'wmaddrell1r', '2022-04-01', '2022-03-03', 12, 4);
insert into provision (id, customer_id, end_date, start_date, menu_id, page_id) values (65, 'barmor1s', '2022-04-23', '2022-03-13', 56, 76);
insert into provision (id, customer_id, end_date, start_date, menu_id, page_id) values (66, 'agoskar1t', '2022-04-19', '2022-03-03', 89, 76);
insert into provision (id, customer_id, end_date, start_date, menu_id, page_id) values (67, 'ktownby1u', '2022-04-05', '2022-03-29', 5, 40);
insert into provision (id, customer_id, end_date, start_date, menu_id, page_id) values (68, 'labrahmer1v', '2022-04-20', '2022-03-09', 24, 30);
insert into provision (id, customer_id, end_date, start_date, menu_id, page_id) values (69, 'ebenoey1w', '2022-04-14', '2022-03-09', 10, 71);
insert into provision (id, customer_id, end_date, start_date, menu_id, page_id) values (70, 'zoldrey1x', '2022-04-01', '2022-03-08', 4, 22);
insert into provision (id, customer_id, end_date, start_date, menu_id, page_id) values (71, 'kbanister1y', '2022-04-11', '2022-03-16', 84, 82);
insert into provision (id, customer_id, end_date, start_date, menu_id, page_id) values (72, 'rferrucci1z', '2022-04-29', '2022-03-26', 27, 52);
insert into provision (id, customer_id, end_date, start_date, menu_id, page_id) values (73, 'bsheivels20', '2022-04-15', '2022-03-04', 13, 46);
insert into provision (id, customer_id, end_date, start_date, menu_id, page_id) values (74, 'mberendsen21', '2022-04-13', '2022-03-25', 18, 21);
insert into provision (id, customer_id, end_date, start_date, menu_id, page_id) values (75, 'barunowicz22', '2022-04-06', '2022-03-28', 98, 56);
insert into provision (id, customer_id, end_date, start_date, menu_id, page_id) values (76, 'btunbridge23', '2022-04-08', '2022-03-19', 8, 27);
insert into provision (id, customer_id, end_date, start_date, menu_id, page_id) values (77, 'emonshall24', '2022-04-01', '2022-03-29', 77, 17);
insert into provision (id, customer_id, end_date, start_date, menu_id, page_id) values (78, 'fbridal25', '2022-04-15', '2022-03-13', 7, 8);
insert into provision (id, customer_id, end_date, start_date, menu_id, page_id) values (79, 'aebbing26', '2022-04-08', '2022-03-23', 66, 30);
insert into provision (id, customer_id, end_date, start_date, menu_id, page_id) values (80, 'bwinks27', '2022-04-06', '2022-03-14', 38, 70);
insert into provision (id, customer_id, end_date, start_date, menu_id, page_id) values (81, 'nbranson28', '2022-04-01', '2022-03-15', 31, 78);
insert into provision (id, customer_id, end_date, start_date, menu_id, page_id) values (82, 'dwewell29', '2022-04-01', '2022-03-20', 32, 38);
insert into provision (id, customer_id, end_date, start_date, menu_id, page_id) values (83, 'ktidey2a', '2022-04-17', '2022-03-11', 25, 4);
insert into provision (id, customer_id, end_date, start_date, menu_id, page_id) values (84, 'sbeards2b', '2022-04-01', '2022-03-10', 1, 52);
insert into provision (id, customer_id, end_date, start_date, menu_id, page_id) values (85, 'bshowen2c', '2022-04-10', '2022-03-24', 45, 82);
insert into provision (id, customer_id, end_date, start_date, menu_id, page_id) values (86, 'gscrammage2d', '2022-04-11', '2022-03-20', 98, 38);
insert into provision (id, customer_id, end_date, start_date, menu_id, page_id) values (87, 'kbarnardo2e', '2022-04-15', '2022-03-05', 70, 52);
insert into provision (id, customer_id, end_date, start_date, menu_id, page_id) values (88, 'wflobert2f', '2022-04-19', '2022-03-05', 9, 89);
insert into provision (id, customer_id, end_date, start_date, menu_id, page_id) values (89, 'esimmins2g', '2022-04-01', '2022-03-11', 55, 18);
insert into provision (id, customer_id, end_date, start_date, menu_id, page_id) values (90, 'twroe2h', '2022-04-20', '2022-03-19', 83, 5);
insert into provision (id, customer_id, end_date, start_date, menu_id, page_id) values (91, 'ckitchenside2i', '2022-04-07', '2022-03-05', 28, 23);
insert into provision (id, customer_id, end_date, start_date, menu_id, page_id) values (92, 'ameeron2j', '2022-04-06', '2022-03-16', 32, 49);
insert into provision (id, customer_id, end_date, start_date, menu_id, page_id) values (93, 'dmechic2k', '2022-04-05', '2022-03-29', 31, 5);
insert into provision (id, customer_id, end_date, start_date, menu_id, page_id) values (94, 'kwaggatt2l', '2022-04-02', '2022-03-14', 85, 68);
insert into provision (id, customer_id, end_date, start_date, menu_id, page_id) values (95, 'dwyldes2m', '2022-04-24', '2022-03-08', 86, 76);
insert into provision (id, customer_id, end_date, start_date, menu_id, page_id) values (96, 'erenouf2n', '2022-04-18', '2022-03-11', 23, 89);
insert into provision (id, customer_id, end_date, start_date, menu_id, page_id) values (97, 'abracco2o', '2022-04-13', '2022-03-21', 24, 26);
insert into provision (id, customer_id, end_date, start_date, menu_id, page_id) values (98, 'mpadley2p', '2022-04-26', '2022-03-19', 70, 79);
insert into provision (id, customer_id, end_date, start_date, menu_id, page_id) values (99, 'rgodehardsf2q', '2022-04-09', '2022-03-06', 21, 4);
insert into provision (id, customer_id, end_date, start_date, menu_id, page_id) values (100, 'akindleysides2r', '2022-04-05', '2022-03-28', 80, 72);