insert into page (id, body, charset, description, title) values (1, 'libero nam dui proin leo odio porttitor id consequat', 'UTF-8', 'vel ipsum praesent blandit', 'Dabfeed');
insert into page (id, body, charset, description, title) values (2, 'blandit ultrices enim lorem ipsum', 'ASCII', 'vestibulum ante ipsum primis in', 'Rhybox');
insert into page (id, body, charset, description, title) values (3, 'fusce posuere felis sed lacus morbi sem mauris', 'UTF-8', 'est risus auctor', 'Yata');
insert into page (id, body, charset, description, title) values (4, 'nulla justo aliquam quis turpis', 'UTF-8', 'nulla quisque arcu libero', 'Vipe');
insert into page (id, body, charset, description, title) values (5, 'a feugiat et eros vestibulum ac est lacinia', 'UTF-8', 'integer a', 'Yodoo');
insert into page (id, body, charset, description, title) values (6, 'placerat ante nulla justo aliquam quis turpis eget', 'UTF-8', 'pharetra magna vestibulum aliquet ultrices', 'Brainlounge');
insert into page (id, body, charset, description, title) values (7, 'egestas metus aenean fermentum donec ut mauris eget massa tempor', 'ASCII', 'vitae mattis nibh ligula', 'Skinder');
insert into page (id, body, charset, description, title) values (8, 'fringilla rhoncus mauris enim leo rhoncus', 'ASCII', 'libero quis', 'Flipstorm');
insert into page (id, body, charset, description, title) values (9, 'turpis adipiscing lorem vitae mattis nibh', 'ASCII', 'arcu sed augue aliquam erat', 'Vinder');
insert into page (id, body, charset, description, title) values (10, 'dapibus at diam nam tristique tortor', 'ASCII', 'augue luctus', 'Brightdog');
insert into page (id, body, charset, description, title) values (11, 'risus praesent lectus vestibulum quam sapien varius ut', 'ASCII', 'eu sapien cursus', 'Yabox');
insert into page (id, body, charset, description, title) values (12, 'vestibulum ante ipsum primis in faucibus orci luctus et ultrices', 'UTF-8', 'curae mauris', 'Topiczoom');
insert into page (id, body, charset, description, title) values (13, 'in felis donec semper sapien a libero', 'ASCII', 'praesent blandit lacinia erat vestibulum', 'Layo');
insert into page (id, body, charset, description, title) values (14, 'varius integer ac leo pellentesque ultrices mattis', 'UTF-8', 'interdum eu tincidunt', 'Centizu');
insert into page (id, body, charset, description, title) values (15, 'pede morbi porttitor lorem id ligula suspendisse ornare consequat lectus', 'ASCII', 'dictumst etiam faucibus cursus urna', 'Wordpedia');
insert into page (id, body, charset, description, title) values (16, 'sapien dignissim vestibulum vestibulum ante ipsum primis in', 'ASCII', 'neque sapien placerat ante', 'Gigazoom');
insert into page (id, body, charset, description, title) values (17, 'leo odio condimentum id luctus nec', 'ASCII', 'aliquet maecenas leo odio', 'Kimia');
insert into page (id, body, charset, description, title) values (18, 'nec sem duis aliquam convallis nunc', 'ASCII', 'integer tincidunt ante', 'Yotz');
insert into page (id, body, charset, description, title) values (19, 'nunc purus phasellus in felis donec', 'UTF-8', 'tincidunt eget', 'Jetwire');
insert into page (id, body, charset, description, title) values (20, 'sit amet lobortis sapien sapien non mi integer ac neque', 'ASCII', 'augue luctus tincidunt nulla', 'Blogtags');
insert into page (id, body, charset, description, title) values (21, 'sed vel enim sit amet nunc viverra', 'ASCII', 'bibendum felis sed', 'Rhyzio');
insert into page (id, body, charset, description, title) values (22, 'nulla tellus in sagittis dui vel nisl duis', 'UTF-8', 'mi pede malesuada in imperdiet', 'Katz');
insert into page (id, body, charset, description, title) values (23, 'elit proin risus praesent lectus', 'ASCII', 'cras pellentesque volutpat dui maecenas', 'Yombu');
insert into page (id, body, charset, description, title) values (24, 'etiam justo etiam pretium iaculis justo in hac', 'ASCII', 'ipsum dolor sit amet', 'Riffpath');
insert into page (id, body, charset, description, title) values (25, 'ac neque duis bibendum morbi non quam nec dui luctus', 'UTF-8', 'vel enim sit', 'Gigazoom');
insert into page (id, body, charset, description, title) values (26, 'sociis natoque penatibus et magnis dis parturient montes nascetur ridiculus', 'UTF-8', 'massa id', 'Realbridge');
insert into page (id, body, charset, description, title) values (27, 'massa id nisl venenatis lacinia aenean sit amet justo', 'ASCII', 'velit eu est congue', 'Einti');
insert into page (id, body, charset, description, title) values (28, 'ac tellus semper interdum mauris ullamcorper purus sit', 'UTF-8', 'rhoncus sed', 'Feedfire');
insert into page (id, body, charset, description, title) values (29, 'at nulla suspendisse potenti cras in purus', 'UTF-8', 'erat volutpat in', 'Zooveo');
insert into page (id, body, charset, description, title) values (30, 'arcu libero rutrum ac lobortis vel dapibus at diam nam', 'ASCII', 'mattis nibh', 'Yakijo');
insert into page (id, body, charset, description, title) values (31, 'consequat ut nulla sed accumsan felis', 'ASCII', 'volutpat eleifend', 'Tagtune');
insert into page (id, body, charset, description, title) values (32, 'sed lacus morbi sem mauris laoreet ut', 'ASCII', 'quam suspendisse potenti nullam porttitor', 'Flipopia');
insert into page (id, body, charset, description, title) values (33, 'ut odio cras mi pede', 'ASCII', 'neque duis bibendum morbi non', 'Kwimbee');
insert into page (id, body, charset, description, title) values (34, 'sit amet erat nulla tempus', 'UTF-8', 'pulvinar lobortis', 'Babbleset');
insert into page (id, body, charset, description, title) values (35, 'nunc purus phasellus in felis donec', 'ASCII', 'eget semper', 'Blogspan');
insert into page (id, body, charset, description, title) values (36, 'nullam porttitor lacus at turpis', 'ASCII', 'erat id mauris vulputate', 'Digitube');
insert into page (id, body, charset, description, title) values (37, 'nulla facilisi cras non velit nec nisi vulputate nonummy maecenas', 'ASCII', 'mauris eget', 'Linklinks');
insert into page (id, body, charset, description, title) values (38, 'vitae nisi nam ultrices libero', 'UTF-8', 'orci nullam molestie', 'Pixonyx');
insert into page (id, body, charset, description, title) values (39, 'sed tincidunt eu felis fusce posuere felis', 'UTF-8', 'eros elementum pellentesque', 'Gabtune');
insert into page (id, body, charset, description, title) values (40, 'nulla justo aliquam quis turpis eget elit sodales scelerisque', 'ASCII', 'sed ante vivamus', 'Cogilith');
insert into page (id, body, charset, description, title) values (41, 'turpis donec posuere metus vitae ipsum', 'ASCII', 'porttitor pede justo eu massa', 'Edgeify');
insert into page (id, body, charset, description, title) values (42, 'porttitor lacus at turpis donec', 'UTF-8', 'morbi non lectus aliquam', 'Oodoo');
insert into page (id, body, charset, description, title) values (43, 'porttitor lorem id ligula suspendisse ornare', 'ASCII', 'aliquet at feugiat non', 'Voolith');
insert into page (id, body, charset, description, title) values (44, 'convallis duis consequat dui nec nisi', 'ASCII', 'in felis donec semper', 'Rhynyx');
insert into page (id, body, charset, description, title) values (45, 'nascetur ridiculus mus etiam vel augue', 'ASCII', 'nullam orci pede venenatis', 'Yambee');
insert into page (id, body, charset, description, title) values (46, 'velit nec nisi vulputate nonummy maecenas tincidunt', 'UTF-8', 'ante nulla justo aliquam', 'Eabox');
insert into page (id, body, charset, description, title) values (47, 'posuere cubilia curae mauris viverra diam', 'UTF-8', 'congue eget', 'Kwinu');
insert into page (id, body, charset, description, title) values (48, 'elit proin risus praesent lectus vestibulum quam sapien', 'ASCII', 'vulputate elementum nullam varius nulla', 'Ailane');
insert into page (id, body, charset, description, title) values (49, 'venenatis tristique fusce congue diam id', 'ASCII', 'sapien in', 'Yakitri');
insert into page (id, body, charset, description, title) values (50, 'aliquam quis turpis eget elit', 'UTF-8', 'pretium quis', 'Tanoodle');
insert into page (id, body, charset, description, title) values (51, 'ultrices aliquet maecenas leo odio condimentum id', 'ASCII', 'penatibus et magnis', 'Zoonoodle');
insert into page (id, body, charset, description, title) values (52, 'amet sem fusce consequat nulla', 'UTF-8', 'cras non velit', 'Thoughtbeat');
insert into page (id, body, charset, description, title) values (53, 'porttitor lacus at turpis donec posuere metus vitae ipsum', 'UTF-8', 'sit amet nulla', 'Avavee');
insert into page (id, body, charset, description, title) values (54, 'fringilla rhoncus mauris enim leo rhoncus', 'UTF-8', 'orci luctus et ultrices', 'Quatz');
insert into page (id, body, charset, description, title) values (55, 'sagittis nam congue risus semper porta', 'UTF-8', 'natoque penatibus', 'Midel');
insert into page (id, body, charset, description, title) values (56, 'imperdiet et commodo vulputate justo in blandit ultrices enim', 'UTF-8', 'volutpat sapien', 'Livefish');
insert into page (id, body, charset, description, title) values (57, 'suscipit a feugiat et eros vestibulum ac est', 'UTF-8', 'nulla nunc purus', 'Topiczoom');
insert into page (id, body, charset, description, title) values (58, 'elit ac nulla sed vel enim sit amet', 'UTF-8', 'eget congue', 'Trudeo');
insert into page (id, body, charset, description, title) values (59, 'dictumst etiam faucibus cursus urna ut', 'ASCII', 'velit donec', 'Photojam');
insert into page (id, body, charset, description, title) values (60, 'erat volutpat in congue etiam justo etiam pretium iaculis', 'ASCII', 'justo maecenas rhoncus aliquam', 'Edgewire');
insert into page (id, body, charset, description, title) values (61, 'placerat praesent blandit nam nulla', 'UTF-8', 'ut nunc vestibulum ante ipsum', 'Vipe');
insert into page (id, body, charset, description, title) values (62, 'a odio in hac habitasse platea dictumst maecenas', 'UTF-8', 'morbi vel', 'JumpXS');
insert into page (id, body, charset, description, title) values (63, 'molestie hendrerit at vulputate vitae nisl aenean lectus', 'ASCII', 'eros viverra eget congue eget', 'Talane');
insert into page (id, body, charset, description, title) values (64, 'felis ut at dolor quis odio', 'UTF-8', 'duis consequat dui', 'Thoughtblab');
insert into page (id, body, charset, description, title) values (65, 'accumsan tortor quis turpis sed ante vivamus tortor', 'UTF-8', 'mattis nibh ligula nec', 'Eayo');
insert into page (id, body, charset, description, title) values (66, 'in faucibus orci luctus et ultrices posuere cubilia curae', 'UTF-8', 'consequat metus sapien ut', 'Jaxspan');
insert into page (id, body, charset, description, title) values (67, 'mauris non ligula pellentesque ultrices phasellus', 'UTF-8', 'malesuada in imperdiet', 'Roomm');
insert into page (id, body, charset, description, title) values (68, 'pretium quis lectus suspendisse potenti in eleifend quam', 'ASCII', 'sed lacus morbi sem mauris', 'Jaloo');
insert into page (id, body, charset, description, title) values (69, 'faucibus orci luctus et ultrices posuere cubilia curae', 'ASCII', 'erat eros viverra eget', 'Kwimbee');
insert into page (id, body, charset, description, title) values (70, 'at velit vivamus vel nulla eget eros elementum pellentesque quisque', 'ASCII', 'dignissim vestibulum vestibulum ante', 'Kwideo');
insert into page (id, body, charset, description, title) values (71, 'interdum mauris non ligula pellentesque ultrices phasellus id', 'UTF-8', 'condimentum neque sapien', 'Rhyzio');
insert into page (id, body, charset, description, title) values (72, 'congue diam id ornare imperdiet sapien', 'ASCII', 'in faucibus', 'Youspan');
insert into page (id, body, charset, description, title) values (73, 'ut blandit non interdum in ante vestibulum ante ipsum', 'UTF-8', 'orci mauris lacinia sapien quis', 'LiveZ');
insert into page (id, body, charset, description, title) values (74, 'morbi non lectus aliquam sit amet diam in', 'UTF-8', 'pretium iaculis justo in', 'Omba');
insert into page (id, body, charset, description, title) values (75, 'lobortis sapien sapien non mi integer ac neque', 'UTF-8', 'sit amet nunc viverra dapibus', 'Skivee');
insert into page (id, body, charset, description, title) values (76, 'felis sed lacus morbi sem mauris', 'ASCII', 'accumsan tortor quis turpis', 'Yotz');
insert into page (id, body, charset, description, title) values (77, 'eget eleifend luctus ultricies eu nibh quisque id', 'UTF-8', 'odio consequat varius integer', 'Cogidoo');
insert into page (id, body, charset, description, title) values (78, 'et ultrices posuere cubilia curae', 'UTF-8', 'ultrices enim lorem ipsum dolor', 'Wikivu');
insert into page (id, body, charset, description, title) values (79, 'duis bibendum felis sed interdum venenatis turpis enim blandit mi', 'ASCII', 'nam dui proin leo odio', 'Devify');
insert into page (id, body, charset, description, title) values (80, 'ante vestibulum ante ipsum primis', 'ASCII', 'tortor duis mattis egestas metus', 'Quatz');
insert into page (id, body, charset, description, title) values (81, 'cursus id turpis integer aliquet massa id lobortis convallis', 'UTF-8', 'sit amet', 'Dazzlesphere');
insert into page (id, body, charset, description, title) values (82, 'sit amet consectetuer adipiscing elit proin interdum mauris non', 'ASCII', 'vulputate nonummy', 'Tagfeed');
insert into page (id, body, charset, description, title) values (83, 'pharetra magna ac consequat metus', 'ASCII', 'nonummy integer non', 'Mynte');
insert into page (id, body, charset, description, title) values (84, 'non velit nec nisi vulputate nonummy maecenas tincidunt lacus', 'UTF-8', 'vivamus vel nulla eget eros', 'BlogXS');
insert into page (id, body, charset, description, title) values (85, 'feugiat et eros vestibulum ac est', 'ASCII', 'ultricies eu nibh', 'Tagpad');
insert into page (id, body, charset, description, title) values (86, 'rutrum nulla nunc purus phasellus in felis donec semper sapien', 'ASCII', 'in hac', 'Edgepulse');
insert into page (id, body, charset, description, title) values (87, 'faucibus accumsan odio curabitur convallis duis consequat', 'ASCII', 'venenatis lacinia aenean sit', 'Feedspan');
insert into page (id, body, charset, description, title) values (88, 'vel nulla eget eros elementum pellentesque quisque', 'UTF-8', 'at velit vivamus vel', 'Tagcat');
insert into page (id, body, charset, description, title) values (89, 'in est risus auctor sed', 'ASCII', 'pulvinar sed nisl', 'Eazzy');
insert into page (id, body, charset, description, title) values (90, 'imperdiet sapien urna pretium nisl ut volutpat sapien', 'UTF-8', 'pede justo lacinia', 'Zoomdog');
insert into page (id, body, charset, description, title) values (91, 'tempus semper est quam pharetra magna ac consequat metus', 'ASCII', 'ut massa', 'Bluezoom');
insert into page (id, body, charset, description, title) values (92, 'orci luctus et ultrices posuere cubilia curae duis faucibus accumsan', 'ASCII', 'ante ipsum', 'Wikizz');
insert into page (id, body, charset, description, title) values (93, 'donec semper sapien a libero nam dui proin', 'UTF-8', 'morbi vestibulum velit', 'Oyoyo');
insert into page (id, body, charset, description, title) values (94, 'maecenas rhoncus aliquam lacus morbi quis tortor id nulla ultrices', 'ASCII', 'sed magna at nunc', 'Midel');
insert into page (id, body, charset, description, title) values (95, 'libero ut massa volutpat convallis morbi odio', 'ASCII', 'et eros vestibulum', 'Realpoint');
insert into page (id, body, charset, description, title) values (96, 'ut tellus nulla ut erat id mauris vulputate elementum nullam', 'ASCII', 'urna ut', 'Tambee');
insert into page (id, body, charset, description, title) values (97, 'eu interdum eu tincidunt in leo maecenas', 'UTF-8', 'leo odio', 'Yata');
insert into page (id, body, charset, description, title) values (98, 'mauris ullamcorper purus sit amet nulla quisque', 'UTF-8', 'nulla ultrices aliquet', 'Edgewire');
insert into page (id, body, charset, description, title) values (99, 'eleifend quam a odio in hac habitasse platea', 'ASCII', 'bibendum imperdiet nullam orci pede', 'Izio');
insert into page (id, body, charset, description, title) values (100, 'amet nunc viverra dapibus nulla', 'UTF-8', 'consequat ut nulla sed', 'Kaymbo');
insert into menu (id , name, root) values (1, 'Fiveclub', true);
insert into menu (id , name, root) values (2, 'Topicshots', true);
insert into menu (id , name, root) values (3, 'Reallinks', false);
insert into menu (id , name, root) values (4, 'Meevee', true);
insert into menu (id , name, root) values (5, 'Kwinu', false);
insert into menu (id , name, root) values (6, 'Ainyx', false);
insert into menu (id , name, root) values (7, 'Plajo', false);
insert into menu (id , name, root) values (8, 'Youbridge', true);
insert into menu (id , name, root) values (9, 'Abatz', true);
insert into menu (id , name, root) values (10, 'Livetube', true);
insert into menu (id , name, root) values (11, 'Youbridge', true);
insert into menu (id , name, root) values (12, 'Buzzshare', false);
insert into menu (id , name, root) values (13, 'Skilith', true);
insert into menu (id , name, root) values (14, 'Brainverse', true);
insert into menu (id , name, root) values (15, 'Voomm', false);
insert into menu (id , name, root) values (16, 'Mydeo', true);
insert into menu (id , name, root) values (17, 'Meejo', false);
insert into menu (id , name, root) values (18, 'Aibox', true);
insert into menu (id , name, root) values (19, 'Flipstorm', true);
insert into menu (id , name, root) values (20, 'Tanoodle', false);
insert into menu (id , name, root) values (21, 'Skiba', true);
insert into menu (id , name, root) values (22, 'Rhynyx', false);
insert into menu (id , name, root) values (23, 'Quinu', false);
insert into menu (id , name, root) values (24, 'BlogXS', true);
insert into menu (id , name, root) values (25, 'Skinix', true);
insert into menu (id , name, root) values (26, 'Skajo', true);
insert into menu (id , name, root) values (27, 'Skipstorm', false);
insert into menu (id , name, root) values (28, 'Talane', false);
insert into menu (id , name, root) values (29, 'Wikido', true);
insert into menu (id , name, root) values (30, 'Skyba', true);
insert into menu (id , name, root) values (31, 'Skinte', false);
insert into menu (id , name, root) values (32, 'Chatterbridge', false);
insert into menu (id , name, root) values (33, 'Latz', true);
insert into menu (id , name, root) values (34, 'Layo', false);
insert into menu (id , name, root) values (35, 'Photofeed', false);
insert into menu (id , name, root) values (36, 'Zoovu', true);
insert into menu (id , name, root) values (37, 'Yakijo', true);
insert into menu (id , name, root) values (38, 'Jabberstorm', false);
insert into menu (id , name, root) values (39, 'Divanoodle', false);
insert into menu (id , name, root) values (40, 'Abata', false);
insert into menu (id , name, root) values (41, 'Rhyzio', false);
insert into menu (id , name, root) values (42, 'Plajo', false);
insert into menu (id , name, root) values (43, 'Agimba', true);
insert into menu (id , name, root) values (44, 'Rhyzio', true);
insert into menu (id , name, root) values (45, 'Jabbertype', false);
insert into menu (id , name, root) values (46, 'Tekfly', false);
insert into menu (id , name, root) values (47, 'Wikibox', true);
insert into menu (id , name, root) values (48, 'Twiyo', true);
insert into menu (id , name, root) values (49, 'Jayo', true);
insert into menu (id , name, root) values (50, 'Demizz', false);
insert into menu (id , name, root) values (51, 'Quatz', true);
insert into menu (id , name, root) values (52, 'Brainverse', true);
insert into menu (id , name, root) values (53, 'Fivebridge', true);
insert into menu (id , name, root) values (54, 'Zoovu', true);
insert into menu (id , name, root) values (55, 'Divape', true);
insert into menu (id , name, root) values (56, 'Feedfire', false);
insert into menu (id , name, root) values (57, 'LiveZ', true);
insert into menu (id , name, root) values (58, 'Tambee', true);
insert into menu (id , name, root) values (59, 'Kazio', true);
insert into menu (id , name, root) values (60, 'Fatz', false);
insert into menu (id , name, root) values (61, 'Feedfire', false);
insert into menu (id , name, root) values (62, 'Skinder', false);
insert into menu (id , name, root) values (63, 'Yambee', true);
insert into menu (id , name, root) values (64, 'Photobean', true);
insert into menu (id , name, root) values (65, 'Riffpath', false);
insert into menu (id , name, root) values (66, 'Jazzy', false);
insert into menu (id , name, root) values (67, 'Rhycero', true);
insert into menu (id , name, root) values (68, 'Tazzy', true);
insert into menu (id , name, root) values (69, 'Topdrive', true);
insert into menu (id , name, root) values (70, 'Zava', false);
insert into menu (id , name, root) values (71, 'Avamba', true);
insert into menu (id , name, root) values (72, 'Kwilith', false);
insert into menu (id , name, root) values (73, 'Midel', false);
insert into menu (id , name, root) values (74, 'Topiczoom', true);
insert into menu (id , name, root) values (75, 'Tagopia', false);
insert into menu (id , name, root) values (76, 'Edgeblab', false);
insert into menu (id , name, root) values (77, 'Quinu', false);
insert into menu (id , name, root) values (78, 'Camimbo', true);
insert into menu (id , name, root) values (79, 'Brainverse', true);
insert into menu (id , name, root) values (80, 'Miboo', true);
insert into menu (id , name, root) values (81, 'Trunyx', false);
insert into menu (id , name, root) values (82, 'Tazz', false);
insert into menu (id , name, root) values (83, 'Zoomzone', false);
insert into menu (id , name, root) values (84, 'Devpoint', true);
insert into menu (id , name, root) values (85, 'Linkbuzz', false);
insert into menu (id , name, root) values (86, 'Oba', false);
insert into menu (id , name, root) values (87, 'Photolist', true);
insert into menu (id , name, root) values (88, 'Buzzbean', true);
insert into menu (id , name, root) values (89, 'Yakitri', false);
insert into menu (id , name, root) values (90, 'Bubblemix', false);
insert into menu (id , name, root) values (91, 'Reallinks', false);
insert into menu (id , name, root) values (92, 'Blognation', false);
insert into menu (id , name, root) values (93, 'Oyoba', true);
insert into menu (id , name, root) values (94, 'Omba', true);
insert into menu (id , name, root) values (95, 'Flashset', true);
insert into menu (id , name, root) values (96, 'Skibox', true);
insert into menu (id , name, root) values (97, 'Mymm', true);
insert into menu (id , name, root) values (98, 'Yakitri', true);
insert into menu (id , name, root) values (99, 'Flipopia', false);
insert into menu (id , name, root) values (100, 'Npath', true);
insert into menu (id , name, root) values (101, 'Yadel', false);
insert into menu (id , name, root) values (102, 'Lajo', true);
insert into menu (id , name, root) values (103, 'Gigashots', true);
insert into menu (id , name, root) values (104, 'Flashdog', true);
insert into menu (id , name, root) values (105, 'Yambee', false);
insert into menu (id , name, root) values (106, 'Mydeo', true);
insert into menu (id , name, root) values (107, 'Yakidoo', true);
insert into menu (id , name, root) values (108, 'Reallinks', true);
insert into menu (id , name, root) values (109, 'Izio', false);
insert into menu (id , name, root) values (110, 'Browsecat', false);
insert into menu (id , name, root) values (111, 'Shufflebeat', true);
insert into menu (id , name, root) values (112, 'Bubbletube', true);
insert into menu (id , name, root) values (113, 'Abatz', true);
insert into menu (id , name, root) values (114, 'Bubblemix', true);
insert into menu (id , name, root) values (115, 'Browsedrive', true);
insert into menu (id , name, root) values (116, 'Voomm', false);
insert into menu (id , name, root) values (117, 'Rhyloo', false);
insert into menu (id , name, root) values (118, 'Rooxo', true);
insert into menu (id , name, root) values (119, 'Oloo', false);
insert into menu (id , name, root) values (120, 'Brainbox', true);
insert into menu (id , name, root) values (121, 'Voolia', false);
insert into menu (id , name, root) values (122, 'Tagchat', false);
insert into menu (id , name, root) values (123, 'Linktype', false);
insert into menu (id , name, root) values (124, 'Cogilith', true);
insert into menu (id , name, root) values (125, 'Fiveclub', false);
insert into menu (id , name, root) values (126, 'Rhybox', false);
insert into menu (id , name, root) values (127, 'Cogidoo', true);
insert into menu (id , name, root) values (128, 'Mybuzz', false);
insert into menu (id , name, root) values (129, 'Brainverse', false);
insert into menu (id , name, root) values (130, 'Camimbo', true);
insert into menu (id , name, root) values (131, 'Talane', true);
insert into menu (id , name, root) values (132, 'Yamia', true);
insert into menu (id , name, root) values (133, 'Skimia', true);
insert into menu (id , name, root) values (134, 'Realpoint', false);
insert into menu (id , name, root) values (135, 'Jabbertype', true);
insert into menu (id , name, root) values (136, 'Feedmix', true);
insert into menu (id , name, root) values (137, 'Buzzdog', true);
insert into menu (id , name, root) values (138, 'Chatterpoint', false);
insert into menu (id , name, root) values (139, 'Edgetag', false);
insert into menu (id , name, root) values (140, 'Zoozzy', true);
insert into menu (id , name, root) values (141, 'Voonder', false);
insert into menu (id , name, root) values (142, 'LiveZ', false);
insert into menu (id , name, root) values (143, 'Jayo', true);
insert into menu (id , name, root) values (144, 'Youfeed', true);
insert into menu (id , name, root) values (145, 'Brainbox', true);
insert into menu (id , name, root) values (146, 'Kayveo', false);
insert into menu (id , name, root) values (147, 'Voonix', true);
insert into menu (id , name, root) values (148, 'Yotz', true);
insert into menu (id , name, root) values (149, 'Oyonder', false);
insert into menu (id , name, root) values (150, 'Jaxspan', false);
insert into sub_menu (menu_id, root_menu_id) values (68, 148);
insert into sub_menu (menu_id, root_menu_id) values (129, 111);
insert into sub_menu (menu_id, root_menu_id) values (72, 65);
insert into sub_menu (menu_id, root_menu_id) values (16, 52);
insert into sub_menu (menu_id, root_menu_id) values (92, 49);
insert into sub_menu (menu_id, root_menu_id) values (1, 95);
insert into sub_menu (menu_id, root_menu_id) values (103, 54);
insert into sub_menu (menu_id, root_menu_id) values (111, 80);
insert into sub_menu (menu_id, root_menu_id) values (59, 68);
insert into sub_menu (menu_id, root_menu_id) values (36, 134);
insert into sub_menu (menu_id, root_menu_id) values (37, 67);
insert into sub_menu (menu_id, root_menu_id) values (127, 58);
insert into sub_menu (menu_id, root_menu_id) values (132, 150);
insert into sub_menu (menu_id, root_menu_id) values (62, 16);
insert into sub_menu (menu_id, root_menu_id) values (106, 94);
insert into sub_menu (menu_id, root_menu_id) values (29, 51);
insert into sub_menu (menu_id, root_menu_id) values (94, 42);
insert into sub_menu (menu_id, root_menu_id) values (32, 3);
insert into sub_menu (menu_id, root_menu_id) values (5, 128);
insert into sub_menu (menu_id, root_menu_id) values (6, 54);
insert into sub_menu (menu_id, root_menu_id) values (70, 139);
insert into sub_menu (menu_id, root_menu_id) values (101, 65);
insert into sub_menu (menu_id, root_menu_id) values (142, 5);
insert into sub_menu (menu_id, root_menu_id) values (9, 118);
insert into sub_menu (menu_id, root_menu_id) values (106, 114);
insert into sub_menu (menu_id, root_menu_id) values (55, 118);
insert into sub_menu (menu_id, root_menu_id) values (18, 101);
insert into sub_menu (menu_id, root_menu_id) values (45, 102);
insert into sub_menu (menu_id, root_menu_id) values (103, 99);
insert into sub_menu (menu_id, root_menu_id) values (27, 118);
insert into sub_menu (menu_id, root_menu_id) values (108, 136);
insert into sub_menu (menu_id, root_menu_id) values (111, 6);
insert into sub_menu (menu_id, root_menu_id) values (26, 30);
insert into sub_menu (menu_id, root_menu_id) values (1, 146);
insert into sub_menu (menu_id, root_menu_id) values (18, 44);
insert into sub_menu (menu_id, root_menu_id) values (143, 114);
insert into sub_menu (menu_id, root_menu_id) values (106, 30);
insert into sub_menu (menu_id, root_menu_id) values (81, 79);
insert into sub_menu (menu_id, root_menu_id) values (87, 86);
insert into sub_menu (menu_id, root_menu_id) values (110, 42);
insert into sub_menu (menu_id, root_menu_id) values (80, 129);
insert into sub_menu (menu_id, root_menu_id) values (68, 20);
insert into sub_menu (menu_id, root_menu_id) values (88, 54);
insert into sub_menu (menu_id, root_menu_id) values (65, 113);
insert into sub_menu (menu_id, root_menu_id) values (138, 144);
insert into sub_menu (menu_id, root_menu_id) values (109, 140);
insert into sub_menu (menu_id, root_menu_id) values (101, 78);
insert into sub_menu (menu_id, root_menu_id) values (130, 80);
insert into sub_menu (menu_id, root_menu_id) values (84, 45);
insert into sub_menu (menu_id, root_menu_id) values (147, 19);
insert into sub_menu (menu_id, root_menu_id) values (31, 55);
insert into sub_menu (menu_id, root_menu_id) values (122, 116);
insert into sub_menu (menu_id, root_menu_id) values (48, 147);
insert into sub_menu (menu_id, root_menu_id) values (40, 119);
insert into sub_menu (menu_id, root_menu_id) values (140, 79);
insert into sub_menu (menu_id, root_menu_id) values (135, 70);
insert into sub_menu (menu_id, root_menu_id) values (108, 105);
insert into sub_menu (menu_id, root_menu_id) values (125, 95);
insert into sub_menu (menu_id, root_menu_id) values (126, 147);
insert into sub_menu (menu_id, root_menu_id) values (76, 65);
insert into sub_menu (menu_id, root_menu_id) values (37, 107);
insert into sub_menu (menu_id, root_menu_id) values (121, 56);
insert into sub_menu (menu_id, root_menu_id) values (28, 16);
insert into sub_menu (menu_id, root_menu_id) values (8, 80);
insert into sub_menu (menu_id, root_menu_id) values (134, 10);
insert into sub_menu (menu_id, root_menu_id) values (77, 94);
insert into sub_menu (menu_id, root_menu_id) values (83, 149);
insert into sub_menu (menu_id, root_menu_id) values (120, 63);
insert into sub_menu (menu_id, root_menu_id) values (28, 23);
insert into sub_menu (menu_id, root_menu_id) values (63, 69);
insert into sub_menu (menu_id, root_menu_id) values (37, 124);
insert into sub_menu (menu_id, root_menu_id) values (49, 3);
insert into sub_menu (menu_id, root_menu_id) values (34, 112);
insert into sub_menu (menu_id, root_menu_id) values (30, 107);
insert into sub_menu (menu_id, root_menu_id) values (85, 115);
insert into sub_menu (menu_id, root_menu_id) values (20, 19);
insert into sub_menu (menu_id, root_menu_id) values (92, 74);
insert into sub_menu (menu_id, root_menu_id) values (111, 1);
insert into sub_menu (menu_id, root_menu_id) values (81, 108);
insert into sub_menu (menu_id, root_menu_id) values (147, 107);
insert into sub_menu (menu_id, root_menu_id) values (43, 15);
insert into sub_menu (menu_id, root_menu_id) values (78, 133);
insert into sub_menu (menu_id, root_menu_id) values (34, 149);
insert into sub_menu (menu_id, root_menu_id) values (74, 69);
insert into sub_menu (menu_id, root_menu_id) values (36, 1);
insert into sub_menu (menu_id, root_menu_id) values (1, 130);
insert into sub_menu (menu_id, root_menu_id) values (55, 140);
insert into sub_menu (menu_id, root_menu_id) values (61, 109);
insert into sub_menu (menu_id, root_menu_id) values (47, 141);
insert into sub_menu (menu_id, root_menu_id) values (18, 104);
insert into sub_menu (menu_id, root_menu_id) values (80, 97);
insert into sub_menu (menu_id, root_menu_id) values (54, 150);
insert into sub_menu (menu_id, root_menu_id) values (148, 94);
insert into sub_menu (menu_id, root_menu_id) values (63, 74);
insert into sub_menu (menu_id, root_menu_id) values (100, 28);
insert into sub_menu (menu_id, root_menu_id) values (86, 91);
insert into sub_menu (menu_id, root_menu_id) values (67, 110);
insert into sub_menu (menu_id, root_menu_id) values (53, 46);
insert into sub_menu (menu_id, root_menu_id) values (74, 105);
insert into sub_menu (menu_id, root_menu_id) values (142, 80);
insert into item (id, name, link, menu_id) values (1, 'Viva', 'youtube.com/vestibulum/eget/vulputate/ut.jsp', 6);
insert into item (id, name, link, menu_id) values (2, 'Trippledex', 'weibo.com/vitae/ipsum/aliquam/non/mauris.aspx', 86);
insert into item (id, name, link, menu_id) values (3, 'Stim', 'loc.gov/in/purus.png', 50);
insert into item (id, name, link, menu_id) values (4, 'Temp', 'google.ru/varius/nulla/facilisi.jsp', 91);
insert into item (id, name, link, menu_id) values (5, 'Home Ing', 'house.gov/vel/nisl/duis/ac/nibh.aspx', 29);
insert into item (id, name, link, menu_id) values (6, 'Wrapsafe', 'wiley.com/elit/proin/risus.jsp', 52);
insert into item (id, name, link, menu_id) values (7, 'Voltsillam', 'people.com.cn/ut.aspx', 79);
insert into item (id, name, link, menu_id) values (8, 'Flowdesk', 'hatena.ne.jp/luctus/rutrum/nulla/tellus.json', 20);
insert into item (id, name, link, menu_id) values (9, 'Greenlam', 'addthis.com/a/odio/in/hac/habitasse/platea.jpg', 8);
insert into item (id, name, link, menu_id) values (10, 'Otcom', 'ted.com/quis/justo/maecenas/rhoncus/aliquam/lacus.xml', 21);
insert into item (id, name, link, menu_id) values (11, 'Toughjoyfax', 'barnesandnoble.com/etiam/pretium/iaculis/justo.png', 150);
insert into item (id, name, link, menu_id) values (12, 'Duobam', 'ycombinator.com/nisl/nunc/rhoncus/dui.json', 33);
insert into item (id, name, link, menu_id) values (13, 'Zontrax', 'flickr.com/blandit/ultrices/enim/lorem/ipsum/dolor.aspx', 93);
insert into item (id, name, link, menu_id) values (14, 'Biodex', 'sbwire.com/at/dolor.jpg', 63);
insert into item (id, name, link, menu_id) values (15, 'Holdlamis', 'google.de/vivamus.html', 76);
insert into item (id, name, link, menu_id) values (16, 'Lotstring', 'imdb.com/libero/ut/massa.xml', 6);
insert into item (id, name, link, menu_id) values (17, 'Vagram', 'sohu.com/ac/nulla.png', 15);
insert into item (id, name, link, menu_id) values (18, 'Treeflex', 'homestead.com/tincidunt/eget.png', 77);
insert into item (id, name, link, menu_id) values (19, 'Aerified', 'is.gd/non.png', 110);
insert into item (id, name, link, menu_id) values (20, 'Kanlam', 'wikimedia.org/vulputate/nonummy.html', 5);
insert into item (id, name, link, menu_id) values (21, 'Quo Lux', 'si.edu/aliquet/at/feugiat/non/pretium/quis/lectus.jpg', 8);
insert into item (id, name, link, menu_id) values (22, 'Wrapsafe', 'indiegogo.com/sed/interdum/venenatis/turpis/enim.jpg', 48);
insert into item (id, name, link, menu_id) values (23, 'Bigtax', 'i2i.jp/mus/etiam/vel/augue/vestibulum/rutrum.jpg', 91);
insert into item (id, name, link, menu_id) values (24, 'Sonair', 'auda.org.au/quam.xml', 64);
insert into item (id, name, link, menu_id) values (25, 'Zaam-Dox', 'jimdo.com/nibh/fusce/lacus.png', 101);
insert into item (id, name, link, menu_id) values (26, 'Konklux', 'virginia.edu/nisl/nunc/rhoncus/dui/vel/sem.jpg', 79);
insert into item (id, name, link, menu_id) values (27, 'Subin', 'disqus.com/nullam/orci/pede/venenatis/non/sodales/sed.jpg', 29);
insert into item (id, name, link, menu_id) values (28, 'Sonair', 'gmpg.org/faucibus/orci/luctus/et.js', 95);
insert into item (id, name, link, menu_id) values (29, 'Stringtough', 'elegantthemes.com/orci.jsp', 27);
insert into item (id, name, link, menu_id) values (30, 'Daltfresh', 'weibo.com/pretium/quis/lectus/suspendisse/potenti.html', 93);
insert into item (id, name, link, menu_id) values (31, 'Home Ing', 'goo.ne.jp/vitae/ipsum/aliquam/non/mauris.aspx', 62);
insert into item (id, name, link, menu_id) values (32, 'Subin', 'symantec.com/eros/elementum/pellentesque/quisque.json', 56);
insert into item (id, name, link, menu_id) values (33, 'Trippledex', 'issuu.com/a/suscipit/nulla/elit.xml', 67);
insert into item (id, name, link, menu_id) values (34, 'Gembucket', 'mediafire.com/nisl/nunc.png', 140);
insert into item (id, name, link, menu_id) values (35, 'Holdlamis', 'blogtalkradio.com/risus/dapibus/augue.js', 114);
insert into item (id, name, link, menu_id) values (36, 'Voyatouch', 'hud.gov/phasellus/in/felis/donec/semper/sapien/a.json', 71);
insert into item (id, name, link, menu_id) values (37, 'Bitwolf', 'amazon.de/nisl/ut.jsp', 75);
insert into item (id, name, link, menu_id) values (38, 'Bitchip', 'nba.com/auctor.png', 109);
insert into item (id, name, link, menu_id) values (39, 'Wrapsafe', 'mapquest.com/est/donec/odio/justo/sollicitudin.aspx', 2);
insert into item (id, name, link, menu_id) values (40, 'Sonsing', 'prnewswire.com/ipsum.jsp', 15);
insert into item (id, name, link, menu_id) values (41, 'Tempsoft', 'nba.com/dui/maecenas/tristique/est/et.jsp', 72);
insert into item (id, name, link, menu_id) values (42, 'Mat Lam Tam', 'photobucket.com/rutrum/ac/lobortis/vel/dapibus/at/diam.png', 130);
insert into item (id, name, link, menu_id) values (43, 'Sonair', 'ycombinator.com/erat.aspx', 104);
insert into item (id, name, link, menu_id) values (44, 'Fintone', 'mashable.com/cum/sociis/natoque/penatibus/et.jsp', 101);
insert into item (id, name, link, menu_id) values (45, 'Cardify', 'shinystat.com/lacus/morbi/sem.xml', 112);
insert into item (id, name, link, menu_id) values (46, 'Prodder', 'upenn.edu/vivamus/metus/arcu/adipiscing/molestie/hendrerit/at.js', 44);
insert into item (id, name, link, menu_id) values (47, 'Daltfresh', 'disqus.com/rhoncus/dui/vel.jsp', 46);
insert into item (id, name, link, menu_id) values (48, 'Tresom', 'psu.edu/vivamus/metus/arcu/adipiscing.jpg', 82);
insert into item (id, name, link, menu_id) values (49, 'Cardify', 'hostgator.com/iaculis/congue.html', 101);
insert into item (id, name, link, menu_id) values (50, 'Lotstring', 'hatena.ne.jp/quis/odio/consequat/varius/integer/ac.xml', 133);
insert into item (id, name, link, menu_id) values (51, 'Tin', 'cornell.edu/fusce.html', 67);
insert into item (id, name, link, menu_id) values (52, 'Rank', 'shop-pro.jp/habitasse.png', 97);
insert into item (id, name, link, menu_id) values (53, 'Veribet', 'blogs.com/rhoncus/dui/vel/sem/sed/sagittis.png', 27);
insert into item (id, name, link, menu_id) values (54, 'Vagram', 'freewebs.com/tellus.js', 111);
insert into item (id, name, link, menu_id) values (55, 'Bytecard', 'home.pl/enim/blandit/mi.aspx', 37);
insert into item (id, name, link, menu_id) values (56, 'Alphazap', 'tripadvisor.com/erat/vestibulum/sed/magna/at/nunc.png', 117);
insert into item (id, name, link, menu_id) values (57, 'Sonair', 'cisco.com/faucibus/cursus/urna/ut.aspx', 42);
insert into item (id, name, link, menu_id) values (58, 'Toughjoyfax', 'arstechnica.com/justo/pellentesque.jpg', 109);
insert into item (id, name, link, menu_id) values (59, 'Bitwolf', 'topsy.com/vitae.jsp', 148);
insert into item (id, name, link, menu_id) values (60, 'Alpha', '1688.com/amet/eros/suspendisse.json', 130);
insert into item (id, name, link, menu_id) values (61, 'Tres-Zap', 'wikipedia.org/ut/blandit.js', 108);
insert into item (id, name, link, menu_id) values (62, 'Regrant', 'plala.or.jp/non/interdum/in/ante/vestibulum/ante.aspx', 123);
insert into item (id, name, link, menu_id) values (63, 'Zamit', 'rambler.ru/enim/lorem.xml', 142);
insert into item (id, name, link, menu_id) values (64, 'Otcom', 'merriam-webster.com/penatibus/et/magnis/dis/parturient/montes/nascetur.jsp', 52);
insert into item (id, name, link, menu_id) values (65, 'Pannier', 'goo.ne.jp/lectus/in/quam/fringilla/rhoncus/mauris.jsp', 133);
insert into item (id, name, link, menu_id) values (66, 'Stringtough', 'photobucket.com/maecenas/tristique/est.aspx', 127);
insert into item (id, name, link, menu_id) values (67, 'Sub-Ex', 'ask.com/dapibus/augue/vel/accumsan/tellus/nisi/eu.jsp', 128);
insert into item (id, name, link, menu_id) values (68, 'Job', 'theglobeandmail.com/a/feugiat/et/eros.xml', 77);
insert into item (id, name, link, menu_id) values (69, 'Flowdesk', 'cdbaby.com/pellentesque/ultrices/phasellus/id/sapien.json', 96);
insert into item (id, name, link, menu_id) values (70, 'Solarbreeze', 'unblog.fr/justo/nec/condimentum/neque/sapien/placerat.aspx', 71);
insert into item (id, name, link, menu_id) values (71, 'Cardify', 'hexun.com/platea/dictumst.html', 9);
insert into item (id, name, link, menu_id) values (72, 'Lotlux', 'usatoday.com/libero/nam/dui/proin.html', 53);
insert into item (id, name, link, menu_id) values (73, 'Rank', 'alibaba.com/rutrum/neque/aenean/auctor.json', 140);
insert into item (id, name, link, menu_id) values (74, 'Mat Lam Tam', 'cnn.com/velit/eu.json', 38);
insert into item (id, name, link, menu_id) values (75, 'Trippledex', 'exblog.jp/diam/vitae/quam/suspendisse.html', 83);
insert into item (id, name, link, menu_id) values (76, 'Voyatouch', 'jigsy.com/rutrum/at/lorem/integer/tincidunt/ante.js', 150);
insert into item (id, name, link, menu_id) values (77, 'Namfix', 'bbb.org/mauris/sit/amet/eros/suspendisse.html', 117);
insert into item (id, name, link, menu_id) values (78, 'Treeflex', 'reverbnation.com/maecenas/tristique/est/et/tempus/semper.jpg', 75);
insert into item (id, name, link, menu_id) values (79, 'Konklux', 'independent.co.uk/tempor.js', 37);
insert into item (id, name, link, menu_id) values (80, 'Sonair', 'cdc.gov/odio.xml', 94);
insert into item (id, name, link, menu_id) values (81, 'Zamit', 'home.pl/congue.js', 121);
insert into item (id, name, link, menu_id) values (82, 'Keylex', 'theglobeandmail.com/et/tempus/semper.jsp', 111);
insert into item (id, name, link, menu_id) values (83, 'Matsoft', 'bloglines.com/nulla/neque/libero/convallis/eget.jpg', 87);
insert into item (id, name, link, menu_id) values (84, 'Bigtax', 'fotki.com/nibh/in/hac/habitasse/platea.jpg', 135);
insert into item (id, name, link, menu_id) values (85, 'Y-find', 'nymag.com/sed/nisl.aspx', 46);
insert into item (id, name, link, menu_id) values (86, 'Namfix', 'so-net.ne.jp/platea/dictumst/etiam/faucibus/cursus/urna/ut.json', 22);
insert into item (id, name, link, menu_id) values (87, 'Keylex', 'xing.com/libero/nam/dui/proin/leo.jpg', 136);
insert into item (id, name, link, menu_id) values (88, 'Greenlam', 'ibm.com/id.xml', 144);
insert into item (id, name, link, menu_id) values (89, 'Latlux', 'mlb.com/molestie/lorem/quisque/ut/erat/curabitur/gravida.json', 114);
insert into item (id, name, link, menu_id) values (90, 'Konklab', 'twitter.com/ipsum/primis/in/faucibus/orci.json', 127);
insert into item (id, name, link, menu_id) values (91, 'Sonsing', 'java.com/posuere/nonummy/integer/non/velit/donec.xml', 10);
insert into item (id, name, link, menu_id) values (92, 'Aerified', 'gov.uk/amet/consectetuer/adipiscing/elit.aspx', 144);
insert into item (id, name, link, menu_id) values (93, 'Bitchip', 'alexa.com/magna/vestibulum/aliquet.html', 3);
insert into item (id, name, link, menu_id) values (94, 'Regrant', 'cnet.com/vitae.jsp', 4);
insert into item (id, name, link, menu_id) values (95, 'Zathin', 'homestead.com/quis.jpg', 66);
insert into item (id, name, link, menu_id) values (96, 'Vagram', 'barnesandnoble.com/quis/libero/nullam/sit.jpg', 64);
insert into item (id, name, link, menu_id) values (97, 'Viva', 'sogou.com/sed/sagittis/nam/congue/risus/semper/porta.xml', 80);
insert into item (id, name, link, menu_id) values (98, 'Rank', 'nba.com/sed/justo/pellentesque/viverra/pede/ac/diam.html', 60);
insert into item (id, name, link, menu_id) values (99, 'Job', 'diigo.com/montes/nascetur/ridiculus/mus/etiam/vel/augue.png', 119);
insert into item (id, name, link, menu_id) values (100, 'Zontrax', 'newyorker.com/eget/tempus/vel.xml', 85);
insert into item (id, name, link, menu_id) values (101, 'Y-Solowarm', 'squarespace.com/turpis/sed/ante.html', 43);
insert into item (id, name, link, menu_id) values (102, 'Pannier', 'multiply.com/tellus/nisi/eu/orci/mauris/lacinia.json', 150);
insert into item (id, name, link, menu_id) values (103, 'Lotstring', 'ted.com/et/magnis/dis/parturient/montes.xml', 83);
insert into item (id, name, link, menu_id) values (104, 'Redhold', 'wp.com/lacinia/nisi/venenatis/tristique/fusce/congue.jpg', 146);
insert into item (id, name, link, menu_id) values (105, 'Y-Solowarm', 'typepad.com/orci.jsp', 139);
insert into item (id, name, link, menu_id) values (106, 'Gembucket', 'gnu.org/libero/nam/dui/proin.png', 76);
insert into item (id, name, link, menu_id) values (107, 'Andalax', 'github.io/cras/pellentesque.png', 116);
insert into item (id, name, link, menu_id) values (108, 'Rank', 'imdb.com/libero/nam/dui.jsp', 115);
insert into item (id, name, link, menu_id) values (109, 'Opela', 'addthis.com/massa/tempor/convallis/nulla.aspx', 128);
insert into item (id, name, link, menu_id) values (110, 'Quo Lux', 'csmonitor.com/sem/praesent/id/massa/id.html', 107);
insert into item (id, name, link, menu_id) values (111, 'Flexidy', 'skyrock.com/nulla/integer.jsp', 95);
insert into item (id, name, link, menu_id) values (112, 'Ventosanzap', 'dion.ne.jp/massa/id/nisl.aspx', 65);
insert into item (id, name, link, menu_id) values (113, 'Prodder', 'google.fr/vel/est/donec/odio.json', 64);
insert into item (id, name, link, menu_id) values (114, 'Stim', 'bandcamp.com/libero/rutrum/ac/lobortis/vel/dapibus/at.json', 23);
insert into item (id, name, link, menu_id) values (115, 'Andalax', 'cbsnews.com/neque/libero/convallis/eget/eleifend/luctus/ultricies.html', 45);
insert into item (id, name, link, menu_id) values (116, 'Bitwolf', 'ibm.com/eget/massa.json', 126);
insert into item (id, name, link, menu_id) values (117, 'Otcom', 'comsenz.com/convallis/morbi/odio/odio.png', 99);
insert into item (id, name, link, menu_id) values (118, 'Solarbreeze', 'skype.com/curae.xml', 107);
insert into item (id, name, link, menu_id) values (119, 'Span', 'networksolutions.com/amet/sapien/dignissim/vestibulum/vestibulum/ante/ipsum.jpg', 133);
insert into item (id, name, link, menu_id) values (120, 'Sonair', 'shareasale.com/curae/mauris.js', 16);
insert into item (id, name, link, menu_id) values (121, 'Wrapsafe', 'simplemachines.org/vestibulum/ante/ipsum/primis/in/faucibus/orci.html', 10);
insert into item (id, name, link, menu_id) values (122, 'Cardify', 'go.com/consequat/dui/nec/nisi/volutpat/eleifend.js', 103);
insert into item (id, name, link, menu_id) values (123, 'Treeflex', 'netlog.com/leo/maecenas.jsp', 149);
insert into item (id, name, link, menu_id) values (124, 'Voyatouch', 'cnbc.com/rhoncus/dui/vel/sem/sed/sagittis/nam.aspx', 148);
insert into item (id, name, link, menu_id) values (125, 'Home Ing', 'bigcartel.com/leo/rhoncus.js', 88);
insert into item (id, name, link, menu_id) values (126, 'Domainer', 'geocities.jp/pede/malesuada/in.json', 54);
insert into item (id, name, link, menu_id) values (127, 'Bytecard', 'google.ca/nibh/ligula/nec/sem/duis.js', 90);
insert into item (id, name, link, menu_id) values (128, 'Bigtax', 'state.tx.us/eleifend/pede/libero/quis/orci.png', 73);
insert into item (id, name, link, menu_id) values (129, 'Veribet', 'mashable.com/rhoncus/aliquet/pulvinar/sed.html', 133);
insert into item (id, name, link, menu_id) values (130, 'Stringtough', 'purevolume.com/libero.png', 99);
insert into item (id, name, link, menu_id) values (131, 'Y-Solowarm', 'blogger.com/ligula.js', 19);
insert into item (id, name, link, menu_id) values (132, 'Span', 'linkedin.com/interdum/eu/tincidunt/in.json', 53);
insert into item (id, name, link, menu_id) values (133, 'Fixflex', 'constantcontact.com/quisque/id/justo/sit.html', 69);
insert into item (id, name, link, menu_id) values (134, 'Fixflex', 'netvibes.com/blandit/ultrices/enim/lorem.jsp', 79);
insert into item (id, name, link, menu_id) values (135, 'Cardguard', 'fda.gov/accumsan/felis.xml', 126);
insert into item (id, name, link, menu_id) values (136, 'Rank', 'dailymail.co.uk/cursus/urna/ut/tellus/nulla.html', 31);
insert into item (id, name, link, menu_id) values (137, 'Overhold', 'si.edu/fermentum/donec/ut/mauris/eget/massa.png', 80);
insert into item (id, name, link, menu_id) values (138, 'Flowdesk', 'flickr.com/felis/ut/at/dolor/quis.jpg', 62);
insert into item (id, name, link, menu_id) values (139, 'Fix San', 'ifeng.com/a/pede/posuere/nonummy/integer.png', 36);
insert into item (id, name, link, menu_id) values (140, 'Domainer', 'eepurl.com/mauris/eget/massa.png', 61);
insert into item (id, name, link, menu_id) values (141, 'Mat Lam Tam', 'clickbank.net/nulla/integer/pede/justo/lacinia.aspx', 147);
insert into item (id, name, link, menu_id) values (142, 'Aerified', 'tinyurl.com/lacus/at/turpis/donec.js', 106);
insert into item (id, name, link, menu_id) values (143, 'Bitchip', 'fastcompany.com/magnis/dis/parturient/montes/nascetur.html', 99);
insert into item (id, name, link, menu_id) values (144, 'Keylex', 'mayoclinic.com/sem/sed/sagittis/nam/congue/risus.xml', 67);
insert into item (id, name, link, menu_id) values (145, 'Y-Solowarm', 'istockphoto.com/lobortis/est/phasellus/sit/amet/erat.json', 54);
insert into item (id, name, link, menu_id) values (146, 'Zontrax', 'ehow.com/sodales.xml', 17);
insert into item (id, name, link, menu_id) values (147, 'Domainer', 'github.io/quis/tortor/id/nulla/ultrices/aliquet.js', 67);
insert into item (id, name, link, menu_id) values (148, 'Alpha', 'seattletimes.com/morbi/vel/lectus/in/quam/fringilla.jpg', 125);
insert into item (id, name, link, menu_id) values (149, 'Toughjoyfax', 'answers.com/cubilia/curae/duis/faucibus.png', 60);
insert into item (id, name, link, menu_id) values (150, 'Opela', 'simplemachines.org/montes/nascetur/ridiculus/mus/vivamus/vestibulum.jsp', 14);
insert into item (id, name, link, menu_id) values (151, 'Hatity', 'amazon.com/id/nisl/venenatis/lacinia/aenean/sit.json', 90);
insert into item (id, name, link, menu_id) values (152, 'Transcof', 'squarespace.com/consequat/in/consequat.json', 139);
insert into item (id, name, link, menu_id) values (153, 'Stringtough', 'mapquest.com/fusce/posuere/felis/sed.html', 77);
insert into item (id, name, link, menu_id) values (154, 'Alpha', 'de.vu/maecenas/ut/massa/quis/augue/luctus.jsp', 71);
insert into item (id, name, link, menu_id) values (155, 'Stringtough', 'narod.ru/fusce/posuere/felis/sed.json', 35);
insert into item (id, name, link, menu_id) values (156, 'Viva', 'nsw.gov.au/vulputate/justo/in/blandit/ultrices/enim.xml', 96);
insert into item (id, name, link, menu_id) values (157, 'Overhold', 'sciencedirect.com/consequat.aspx', 113);
insert into item (id, name, link, menu_id) values (158, 'Fix San', 'marriott.com/elit/proin/risus/praesent/lectus.png', 110);
insert into item (id, name, link, menu_id) values (159, 'Bitwolf', 'surveymonkey.com/nibh/in/lectus/pellentesque.js', 88);
insert into item (id, name, link, menu_id) values (160, 'Stronghold', 'columbia.edu/in/faucibus/orci/luctus/et/ultrices/posuere.js', 85);
insert into item (id, name, link, menu_id) values (161, 'Wrapsafe', 'seattletimes.com/luctus/et/ultrices/posuere/cubilia.js', 31);
insert into item (id, name, link, menu_id) values (162, 'Wrapsafe', 'yale.edu/congue/diam/id/ornare/imperdiet/sapien/urna.jsp', 70);
insert into item (id, name, link, menu_id) values (163, 'Veribet', 'bloglines.com/nisl/aenean/lectus.js', 100);
insert into item (id, name, link, menu_id) values (164, 'Regrant', 'seattletimes.com/id/ligula/suspendisse/ornare/consequat/lectus/in.html', 6);
insert into item (id, name, link, menu_id) values (165, 'Opela', 'google.pl/nascetur/ridiculus/mus/vivamus/vestibulum/sagittis.png', 125);
insert into item (id, name, link, menu_id) values (166, 'Tin', 'edublogs.org/nulla/sed/accumsan/felis/ut.jpg', 38);
insert into item (id, name, link, menu_id) values (167, 'Fixflex', 'typepad.com/nibh/in/quis/justo/maecenas/rhoncus.xml', 85);
insert into item (id, name, link, menu_id) values (168, 'Trippledex', 'forbes.com/primis/in.aspx', 88);
insert into item (id, name, link, menu_id) values (169, 'Hatity', 'people.com.cn/vivamus/vestibulum/sagittis/sapien/cum/sociis/natoque.aspx', 138);
insert into item (id, name, link, menu_id) values (170, 'Greenlam', 'sbwire.com/nibh/quisque/id/justo/sit/amet/sapien.xml', 3);
insert into item (id, name, link, menu_id) values (171, 'Greenlam', 'baidu.com/aliquet.jpg', 37);
insert into item (id, name, link, menu_id) values (172, 'Biodex', 'sitemeter.com/turpis/nec/euismod/scelerisque.js', 73);
insert into item (id, name, link, menu_id) values (173, 'Flexidy', 'google.pl/diam.json', 53);
insert into item (id, name, link, menu_id) values (174, 'Asoka', 'redcross.org/rutrum/nulla.jsp', 24);
insert into item (id, name, link, menu_id) values (175, 'Toughjoyfax', 'amazonaws.com/commodo/placerat/praesent/blandit/nam/nulla.jpg', 65);
insert into item (id, name, link, menu_id) values (176, 'Cardify', 'mapy.cz/quis/justo/maecenas/rhoncus.png', 71);
insert into item (id, name, link, menu_id) values (177, 'Sonair', 'reverbnation.com/placerat/ante.png', 137);
insert into item (id, name, link, menu_id) values (178, 'Zamit', 'wordpress.org/laoreet/ut/rhoncus/aliquet/pulvinar/sed.jpg', 34);
insert into item (id, name, link, menu_id) values (179, 'Lotstring', 'guardian.co.uk/convallis/eget/eleifend/luctus.png', 52);
insert into item (id, name, link, menu_id) values (180, 'Veribet', 'upenn.edu/morbi/odio.js', 65);
insert into item (id, name, link, menu_id) values (181, 'Veribet', 'so-net.ne.jp/amet/nulla/quisque/arcu/libero/rutrum/ac.jpg', 84);
insert into item (id, name, link, menu_id) values (182, 'Bitchip', 'geocities.jp/vitae/ipsum/aliquam.jpg', 37);
insert into item (id, name, link, menu_id) values (183, 'Bigtax', 'scribd.com/nisl/duis/ac/nibh/fusce.html', 34);
insert into item (id, name, link, menu_id) values (184, 'Zathin', 'intel.com/mi/in/porttitor/pede/justo.jpg', 37);
insert into item (id, name, link, menu_id) values (185, 'Zaam-Dox', 'blinklist.com/magna/vestibulum/aliquet/ultrices/erat/tortor.xml', 24);
insert into item (id, name, link, menu_id) values (186, 'Job', 'ihg.com/faucibus/orci/luctus/et.jpg', 105);
insert into item (id, name, link, menu_id) values (187, 'Solarbreeze', 'wufoo.com/duis/mattis.jpg', 6);
insert into item (id, name, link, menu_id) values (188, 'Kanlam', 'twitpic.com/arcu/sed/augue/aliquam.jpg', 76);
insert into item (id, name, link, menu_id) values (189, 'Regrant', 'craigslist.org/volutpat/sapien/arcu/sed.jsp', 27);
insert into item (id, name, link, menu_id) values (190, 'Otcom', 'economist.com/ac/consequat/metus/sapien.png', 67);
insert into item (id, name, link, menu_id) values (191, 'Fixflex', 'i2i.jp/posuere/cubilia/curae/donec/pharetra/magna/vestibulum.aspx', 32);
insert into item (id, name, link, menu_id) values (192, 'Duobam', 'instagram.com/morbi/vel/lectus/in.js', 114);
insert into item (id, name, link, menu_id) values (193, 'Viva', 'hostgator.com/primis/in/faucibus/orci.png', 122);
insert into item (id, name, link, menu_id) values (194, 'Home Ing', 'hexun.com/natoque/penatibus/et.jsp', 74);
insert into item (id, name, link, menu_id) values (195, 'Tresom', 'elegantthemes.com/sit/amet/turpis.js', 30);
insert into item (id, name, link, menu_id) values (196, 'Domainer', 'chronoengine.com/fusce/posuere/felis.png', 51);
insert into item (id, name, link, menu_id) values (197, 'Aerified', 'earthlink.net/dui/vel/sem/sed/sagittis/nam.aspx', 28);
insert into item (id, name, link, menu_id) values (198, 'Tres-Zap', 'washington.edu/ut/massa/quis.json', 41);
insert into item (id, name, link, menu_id) values (199, 'Daltfresh', 'comsenz.com/sapien/iaculis/congue/vivamus/metus.xml', 101);
insert into item (id, name, link, menu_id) values (200, 'Matsoft', 'answers.com/amet/eleifend/pede/libero.xml', 1);
insert into provision (id, customer_id, end_date, start_date, menu_id, page_id) values (1, 'askures0', '2022-04-28', '2022-03-16', 89, 24);
insert into provision (id, customer_id, end_date, start_date, menu_id, page_id) values (2, 'jstonier1', '2022-04-10', '2022-03-23', 34, 98);
insert into provision (id, customer_id, end_date, start_date, menu_id, page_id) values (3, 'gcusack2', '2022-04-26', '2022-03-23', 109, 83);
insert into provision (id, customer_id, end_date, start_date, menu_id, page_id) values (4, 'mbogays3', '2022-04-15', '2022-03-10', 103, 48);
insert into provision (id, customer_id, end_date, start_date, menu_id, page_id) values (5, 'bthowless4', '2022-04-28', '2022-03-27', 10, 65);
insert into provision (id, customer_id, end_date, start_date, menu_id, page_id) values (6, 'tleser5', '2022-04-10', '2022-03-11', 34, 40);
insert into provision (id, customer_id, end_date, start_date, menu_id, page_id) values (7, 'eiannetti6', '2022-04-01', '2022-03-09', 87, 46);
insert into provision (id, customer_id, end_date, start_date, menu_id, page_id) values (8, 'edongate7', '2022-04-04', '2022-03-19', 103, 38);
insert into provision (id, customer_id, end_date, start_date, menu_id, page_id) values (9, 'ygallymore8', '2022-04-03', '2022-03-18', 125, 52);
insert into provision (id, customer_id, end_date, start_date, menu_id, page_id) values (10, 'ostimpson9', '2022-04-20', '2022-03-01', 138, 60);
insert into provision (id, customer_id, end_date, start_date, menu_id, page_id) values (11, 'ctegellera', '2022-04-20', '2022-03-28', 145, 53);
insert into provision (id, customer_id, end_date, start_date, menu_id, page_id) values (12, 'aangierb', '2022-04-29', '2022-03-10', 77, 2);
insert into provision (id, customer_id, end_date, start_date, menu_id, page_id) values (13, 'cgoodisonc', '2022-04-16', '2022-03-14', 65, 6);
insert into provision (id, customer_id, end_date, start_date, menu_id, page_id) values (14, 'oleonardid', '2022-04-13', '2022-03-11', 106, 5);
insert into provision (id, customer_id, end_date, start_date, menu_id, page_id) values (15, 'cpegge', '2022-04-12', '2022-03-28', 4, 38);
insert into provision (id, customer_id, end_date, start_date, menu_id, page_id) values (16, 'rhallorf', '2022-04-07', '2022-03-12', 141, 23);
insert into provision (id, customer_id, end_date, start_date, menu_id, page_id) values (17, 'frentoulg', '2022-04-12', '2022-03-29', 83, 36);
insert into provision (id, customer_id, end_date, start_date, menu_id, page_id) values (18, 'klundbeckh', '2022-04-06', '2022-03-13', 8, 36);
insert into provision (id, customer_id, end_date, start_date, menu_id, page_id) values (19, 'bcreboi', '2022-04-03', '2022-03-10', 49, 11);
insert into provision (id, customer_id, end_date, start_date, menu_id, page_id) values (20, 'dcoalej', '2022-04-07', '2022-03-02', 33, 100);
insert into provision (id, customer_id, end_date, start_date, menu_id, page_id) values (21, 'scurdellk', '2022-04-02', '2022-03-29', 26, 28);
insert into provision (id, customer_id, end_date, start_date, menu_id, page_id) values (22, 'edennickl', '2022-04-23', '2022-03-08', 93, 16);
insert into provision (id, customer_id, end_date, start_date, menu_id, page_id) values (23, 'atoghillm', '2022-04-06', '2022-03-13', 69, 97);
insert into provision (id, customer_id, end_date, start_date, menu_id, page_id) values (24, 'twhittuckn', '2022-04-04', '2022-03-11', 73, 11);
insert into provision (id, customer_id, end_date, start_date, menu_id, page_id) values (25, 'nsamwayeo', '2022-04-18', '2022-03-09', 15, 11);
insert into provision (id, customer_id, end_date, start_date, menu_id, page_id) values (26, 'ipowep', '2022-04-25', '2022-03-16', 114, 39);
insert into provision (id, customer_id, end_date, start_date, menu_id, page_id) values (27, 'hfarensq', '2022-04-10', '2022-03-13', 19, 47);
insert into provision (id, customer_id, end_date, start_date, menu_id, page_id) values (28, 'tmoulinr', '2022-04-12', '2022-03-08', 128, 1);
insert into provision (id, customer_id, end_date, start_date, menu_id, page_id) values (29, 'ecardos', '2022-04-11', '2022-03-07', 124, 65);
insert into provision (id, customer_id, end_date, start_date, menu_id, page_id) values (30, 'hbottent', '2022-04-06', '2022-03-17', 69, 11);
insert into provision (id, customer_id, end_date, start_date, menu_id, page_id) values (31, 'rbrixeyu', '2022-04-04', '2022-03-18', 71, 98);
insert into provision (id, customer_id, end_date, start_date, menu_id, page_id) values (32, 'slibbev', '2022-04-08', '2022-03-19', 18, 34);
insert into provision (id, customer_id, end_date, start_date, menu_id, page_id) values (33, 'dkearleyw', '2022-04-20', '2022-03-24', 112, 86);
insert into provision (id, customer_id, end_date, start_date, menu_id, page_id) values (34, 'rscayx', '2022-04-01', '2022-03-02', 27, 63);
insert into provision (id, customer_id, end_date, start_date, menu_id, page_id) values (35, 'csextoney', '2022-04-22', '2022-03-09', 40, 79);
insert into provision (id, customer_id, end_date, start_date, menu_id, page_id) values (36, 'jhagwoodz', '2022-04-05', '2022-03-26', 134, 12);
insert into provision (id, customer_id, end_date, start_date, menu_id, page_id) values (37, 'tgomersall10', '2022-04-16', '2022-03-02', 64, 17);
insert into provision (id, customer_id, end_date, start_date, menu_id, page_id) values (38, 'mdillway11', '2022-04-21', '2022-03-06', 36, 70);
insert into provision (id, customer_id, end_date, start_date, menu_id, page_id) values (39, 'gzisneros12', '2022-04-25', '2022-03-02', 55, 20);
insert into provision (id, customer_id, end_date, start_date, menu_id, page_id) values (40, 'jpidler13', '2022-04-29', '2022-03-04', 72, 73);
insert into provision (id, customer_id, end_date, start_date, menu_id, page_id) values (41, 'vmingo14', '2022-04-04', '2022-03-15', 110, 2);
insert into provision (id, customer_id, end_date, start_date, menu_id, page_id) values (42, 'mdrury15', '2022-04-18', '2022-03-21', 3, 94);
insert into provision (id, customer_id, end_date, start_date, menu_id, page_id) values (43, 'rbangham16', '2022-04-10', '2022-03-01', 53, 66);
insert into provision (id, customer_id, end_date, start_date, menu_id, page_id) values (44, 'nwroughton17', '2022-04-09', '2022-03-29', 129, 100);
insert into provision (id, customer_id, end_date, start_date, menu_id, page_id) values (45, 'dburnet18', '2022-04-19', '2022-03-21', 60, 9);
insert into provision (id, customer_id, end_date, start_date, menu_id, page_id) values (46, 'lmougel19', '2022-04-04', '2022-03-17', 80, 8);
insert into provision (id, customer_id, end_date, start_date, menu_id, page_id) values (47, 'ddedantesie1a', '2022-04-11', '2022-03-27', 59, 28);
insert into provision (id, customer_id, end_date, start_date, menu_id, page_id) values (48, 'bmaureen1b', '2022-04-08', '2022-03-23', 79, 12);
insert into provision (id, customer_id, end_date, start_date, menu_id, page_id) values (49, 'swhatling1c', '2022-04-05', '2022-03-08', 47, 31);
insert into provision (id, customer_id, end_date, start_date, menu_id, page_id) values (50, 'bgreenhouse1d', '2022-04-28', '2022-03-05', 50, 29);
insert into provision (id, customer_id, end_date, start_date, menu_id, page_id) values (51, 'dkording1e', '2022-04-09', '2022-03-05', 143, 45);
insert into provision (id, customer_id, end_date, start_date, menu_id, page_id) values (52, 'cescalante1f', '2022-04-07', '2022-03-23', 137, 32);
insert into provision (id, customer_id, end_date, start_date, menu_id, page_id) values (53, 'jide1g', '2022-04-13', '2022-03-07', 150, 12);
insert into provision (id, customer_id, end_date, start_date, menu_id, page_id) values (54, 'agothrup1h', '2022-04-15', '2022-03-06', 9, 73);
insert into provision (id, customer_id, end_date, start_date, menu_id, page_id) values (55, 'phinzer1i', '2022-04-13', '2022-03-10', 123, 36);
insert into provision (id, customer_id, end_date, start_date, menu_id, page_id) values (56, 'hcamber1j', '2022-04-07', '2022-03-13', 135, 43);
insert into provision (id, customer_id, end_date, start_date, menu_id, page_id) values (57, 'aleamy1k', '2022-04-19', '2022-03-11', 69, 76);
insert into provision (id, customer_id, end_date, start_date, menu_id, page_id) values (58, 'ubatcheldor1l', '2022-04-23', '2022-03-28', 74, 30);
insert into provision (id, customer_id, end_date, start_date, menu_id, page_id) values (59, 'jgarrals1m', '2022-04-03', '2022-03-28', 143, 28);
insert into provision (id, customer_id, end_date, start_date, menu_id, page_id) values (60, 'rmcphelimey1n', '2022-04-03', '2022-03-20', 124, 61);
insert into provision (id, customer_id, end_date, start_date, menu_id, page_id) values (61, 'btolcher1o', '2022-04-26', '2022-03-20', 21, 30);
insert into provision (id, customer_id, end_date, start_date, menu_id, page_id) values (62, 'ifritzer1p', '2022-04-23', '2022-03-21', 52, 70);
insert into provision (id, customer_id, end_date, start_date, menu_id, page_id) values (63, 'dskone1q', '2022-04-19', '2022-03-12', 78, 68);
insert into provision (id, customer_id, end_date, start_date, menu_id, page_id) values (64, 'aschrader1r', '2022-04-16', '2022-03-16', 69, 28);
insert into provision (id, customer_id, end_date, start_date, menu_id, page_id) values (65, 'jocorr1s', '2022-04-20', '2022-03-12', 19, 41);
insert into provision (id, customer_id, end_date, start_date, menu_id, page_id) values (66, 'nklugel1t', '2022-04-27', '2022-03-28', 110, 94);
insert into provision (id, customer_id, end_date, start_date, menu_id, page_id) values (67, 'ericson1u', '2022-04-16', '2022-03-17', 97, 51);
insert into provision (id, customer_id, end_date, start_date, menu_id, page_id) values (68, 'pwillacot1v', '2022-04-19', '2022-03-19', 95, 53);
insert into provision (id, customer_id, end_date, start_date, menu_id, page_id) values (69, 'zmazzia1w', '2022-04-07', '2022-03-19', 107, 98);
insert into provision (id, customer_id, end_date, start_date, menu_id, page_id) values (70, 'dohdirscoll1x', '2022-04-06', '2022-03-29', 133, 15);
insert into provision (id, customer_id, end_date, start_date, menu_id, page_id) values (71, 'mharburtson1y', '2022-04-02', '2022-03-10', 53, 26);
insert into provision (id, customer_id, end_date, start_date, menu_id, page_id) values (72, 'kbroadwell1z', '2022-04-28', '2022-03-13', 62, 10);
insert into provision (id, customer_id, end_date, start_date, menu_id, page_id) values (73, 'peverson20', '2022-04-05', '2022-03-07', 69, 81);
insert into provision (id, customer_id, end_date, start_date, menu_id, page_id) values (74, 'jcoxhead21', '2022-04-07', '2022-03-04', 139, 62);
insert into provision (id, customer_id, end_date, start_date, menu_id, page_id) values (75, 'sasp22', '2022-04-25', '2022-03-28', 25, 64);
insert into provision (id, customer_id, end_date, start_date, menu_id, page_id) values (76, 'nloos23', '2022-04-15', '2022-03-11', 1, 51);
insert into provision (id, customer_id, end_date, start_date, menu_id, page_id) values (77, 'emcguane24', '2022-04-05', '2022-03-12', 49, 53);
insert into provision (id, customer_id, end_date, start_date, menu_id, page_id) values (78, 'bhebble25', '2022-04-28', '2022-03-22', 123, 47);
insert into provision (id, customer_id, end_date, start_date, menu_id, page_id) values (79, 'vingham26', '2022-04-22', '2022-03-09', 101, 99);
insert into provision (id, customer_id, end_date, start_date, menu_id, page_id) values (80, 'dsemmence27', '2022-04-16', '2022-03-16', 73, 42);
insert into provision (id, customer_id, end_date, start_date, menu_id, page_id) values (81, 'lolivet28', '2022-04-09', '2022-03-25', 150, 95);
insert into provision (id, customer_id, end_date, start_date, menu_id, page_id) values (82, 'emacilwrick29', '2022-04-08', '2022-03-27', 100, 52);
insert into provision (id, customer_id, end_date, start_date, menu_id, page_id) values (83, 'aibbetson2a', '2022-04-04', '2022-03-13', 8, 53);
insert into provision (id, customer_id, end_date, start_date, menu_id, page_id) values (84, 'jgilmartin2b', '2022-04-22', '2022-03-09', 17, 84);
insert into provision (id, customer_id, end_date, start_date, menu_id, page_id) values (85, 'mambrogetti2c', '2022-04-11', '2022-03-01', 91, 97);
insert into provision (id, customer_id, end_date, start_date, menu_id, page_id) values (86, 'bseabrook2d', '2022-04-20', '2022-03-24', 26, 75);
insert into provision (id, customer_id, end_date, start_date, menu_id, page_id) values (87, 'sdulin2e', '2022-04-20', '2022-03-23', 78, 92);
insert into provision (id, customer_id, end_date, start_date, menu_id, page_id) values (88, 'lpark2f', '2022-04-08', '2022-03-18', 24, 89);
insert into provision (id, customer_id, end_date, start_date, menu_id, page_id) values (89, 'aspurling2g', '2022-04-21', '2022-03-05', 40, 6);
insert into provision (id, customer_id, end_date, start_date, menu_id, page_id) values (90, 'vlillyman2h', '2022-04-09', '2022-03-11', 51, 52);
insert into provision (id, customer_id, end_date, start_date, menu_id, page_id) values (91, 'djanman2i', '2022-04-15', '2022-03-22', 109, 11);
insert into provision (id, customer_id, end_date, start_date, menu_id, page_id) values (92, 'bstoad2j', '2022-04-19', '2022-03-23', 94, 43);
insert into provision (id, customer_id, end_date, start_date, menu_id, page_id) values (93, 'erowell2k', '2022-04-11', '2022-03-13', 103, 17);
insert into provision (id, customer_id, end_date, start_date, menu_id, page_id) values (94, 'gnewall2l', '2022-04-19', '2022-03-27', 98, 26);
insert into provision (id, customer_id, end_date, start_date, menu_id, page_id) values (95, 'bbarthrup2m', '2022-04-22', '2022-03-29', 73, 66);
insert into provision (id, customer_id, end_date, start_date, menu_id, page_id) values (96, 'mmelding2n', '2022-04-07', '2022-03-22', 134, 69);
insert into provision (id, customer_id, end_date, start_date, menu_id, page_id) values (97, 'htrevena2o', '2022-04-09', '2022-03-07', 42, 18);
insert into provision (id, customer_id, end_date, start_date, menu_id, page_id) values (98, 'sreaditt2p', '2022-04-22', '2022-03-20', 14, 2);
insert into provision (id, customer_id, end_date, start_date, menu_id, page_id) values (99, 'tboutellier2q', '2022-04-25', '2022-03-20', 106, 14);
insert into provision (id, customer_id, end_date, start_date, menu_id, page_id) values (100, 'leble2r', '2022-04-21', '2022-03-05', 129, 64);